學校代碼,公私立,體制,學校名稱,領域代碼,領域名稱,學門代碼,學門名稱,學類代碼,學類名稱,系所代碼,系所名稱,專兼任,聘書職級,教師名稱,教師專長,系所網址
0008,公立,一般大學,國立中央大學,-,-,-,-,-,-,-,太空及遙測研究中心,專任,助理教授,鄭懷傑,"衛星遙測,冰雪圈物理,測地學,資料科學,行星地表作用,開放科學",http://www.ncu.edu.tw
0008,公立,一般大學,國立中央大學,-,-,-,-,-,-,-,太空及遙測研究中心,兼任,教授,陳良健,"遙感探測,數位攝影測量,工程測量,多元探測",http://www.ncu.edu.tw
0008,公立,一般大學,國立中央大學,-,-,-,-,-,-,-,太空及遙測研究中心,兼任,教授,劉千義,"氣象衛星遙測,氣象衛星資料處理及應用,大氣輻射學,大氣熱力學",http://www.ncu.edu.tw
0008,公立,一般大學,國立中央大學,-,-,-,-,-,-,-,光電科學研究中心,兼任,教授,陳建隆,"偏微分方程,常微分方程,數學物理",http://www.ncu.edu.tw
0008,公立,一般大學,國立中央大學,-,-,-,-,-,-,-,師資培育中心,專任,教授,張立杰,數位學習、社會學習網絡、學習活動設計、數位內容、行動數位學習,http://www.ncu.edu.tw
0008,公立,一般大學,國立中央大學,-,-,-,-,-,-,-,師資培育中心,專任,教授,單維彰,"數值分析,凌波函數,計算機科學",http://www.ncu.edu.tw
0008,公立,一般大學,國立中央大學,-,-,-,-,-,-,-,師資培育中心,專任,副教授,詹明峰,設計思考、Teachers as Designers,http://www.ncu.edu.tw
0008,公立,一般大學,國立中央大學,-,-,-,-,-,-,-,師資培育中心,兼任,講師,黃茄峰,數學,http://www.ncu.edu.tw
0008,公立,一般大學,國立中央大學,-,-,-,-,-,-,-,師資培育中心,兼任,講師,趙秀嫻,自然領域,http://www.ncu.edu.tw
0008,公立,一般大學,國立中央大學,-,-,-,-,-,-,-,師資培育中心,兼任,講師,劉庭豪,國文,http://www.ncu.edu.tw
0008,公立,一般大學,國立中央大學,-,-,-,-,-,-,-,師資培育中心,兼任,講師,樊可瑜,英文,http://www.ncu.edu.tw
0008,公立,一般大學,國立中央大學,-,-,-,-,-,-,-,通識教育中心,專任,助理教授,吳忻怡,"文化社會學,族群關係與認同研究,藝術社會學",http://www.ncu.edu.tw
0008,公立,一般大學,國立中央大學,-,-,-,-,-,-,-,通識教育中心,專任,助理教授,鄭揚宜,障礙研究、性別研究、 族群研究 、社區工作實務,http://www.ncu.edu.tw
0008,公立,一般大學,國立中央大學,-,-,-,-,-,-,-,通識教育中心,兼任,教授,呂郁女,新聞學,http://www.ncu.edu.tw
0008,公立,一般大學,國立中央大學,-,-,-,-,-,-,-,通識教育中心,兼任,教授,劉阿榮,族群關係專題、文化創意產業專題、永續發展專題、社會階層與社會流動,http://www.ncu.edu.tw
0008,公立,一般大學,國立中央大學,-,-,-,-,-,-,-,通識教育中心,兼任,副教授,翁立美,音樂演奏、表演藝術策展、表演藝術團體經營,http://www.ncu.edu.tw
0008,公立,一般大學,國立中央大學,-,-,-,-,-,-,-,通識教育中心,兼任,副教授,張哲明,"空氣污染,環境評估與監測,大氣測計,全球環境變遷",http://www.ncu.edu.tw
0008,公立,一般大學,國立中央大學,-,-,-,-,-,-,-,通識教育中心,兼任,助理教授,朱碧靜,"資訊檢索,資訊利用教育",http://www.ncu.edu.tw
0008,公立,一般大學,國立中央大學,-,-,-,-,-,-,-,通識教育中心,兼任,助理教授,呂理德,"永續發展,循環型社會,環境傳播,科學傳播",http://www.ncu.edu.tw
0008,公立,一般大學,國立中央大學,-,-,-,-,-,-,-,通識教育中心,兼任,助理教授,林基興,統計、風險評估 、電磁波、 基改,http://www.ncu.edu.tw
0008,公立,一般大學,國立中央大學,-,-,-,-,-,-,-,通識教育中心,兼任,助理教授,陳彥蓉,社會企業、社會經濟、非營利組織、客家代表性行政機關,http://www.ncu.edu.tw
0008,公立,一般大學,國立中央大學,-,-,-,-,-,-,-,通識教育中心,兼任,助理教授,章榮明,國際政治、國際組織,http://www.ncu.edu.tw
0008,公立,一般大學,國立中央大學,-,-,-,-,-,-,-,通識教育中心,兼任,助理教授,曾韻心,西洋古典音樂,http://www.ncu.edu.tw
0008,公立,一般大學,國立中央大學,-,-,-,-,-,-,-,通識教育中心,兼任,助理教授,程進發,環境倫理 、哲學概論 、 永續發展與社區經營,http://www.ncu.edu.tw
0008,公立,一般大學,國立中央大學,-,-,-,-,-,-,-,通識教育中心,兼任,助理教授,黃金俊,"創造力研究,多元智慧研究,想像力研究,數位攝影與設計",http://www.ncu.edu.tw
0008,公立,一般大學,國立中央大學,-,-,-,-,-,-,-,通識教育中心,兼任,助理教授,黃鈺晴,數據分析 、機器學習 、數位學習 、演算方法,http://www.ncu.edu.tw
0008,公立,一般大學,國立中央大學,-,-,-,-,-,-,-,通識教育中心,兼任,講師,李秉鴻,雲端運算、AI及大數據分析、區塊鏈,http://www.ncu.edu.tw
0008,公立,一般大學,國立中央大學,-,-,-,-,-,-,-,通識教育中心,兼任,講師,徐郁雯,社會影響力、社會投資報酬、社會企業,http://www.ncu.edu.tw
0008,公立,一般大學,國立中央大學,-,-,-,-,-,-,-,通識教育中心,兼任,講師,陳慧娟,鋼琴獨奏，鋼琴伴奏，作曲，音樂理論，聲樂，音樂評析,http://www.ncu.edu.tw
0008,公立,一般大學,國立中央大學,-,-,-,-,-,-,-,通識教育中心,兼任,講師,賀彥豪,Urban Study、 Livable City,http://www.ncu.edu.tw
0008,公立,一般大學,國立中央大學,-,-,-,-,-,-,-,通識教育中心,兼任,講師,葉俞佛,運算思維與程式語言,http://www.ncu.edu.tw
0008,公立,一般大學,國立中央大學,-,-,-,-,-,-,-,通識教育中心,兼任,講師,鐘祥仁,行動應用開發、網頁程式設計、AI語音助理開發 、AI聊天機器人開發,http://www.ncu.edu.tw
0008,公立,一般大學,國立中央大學,-,-,-,-,-,-,-,語言中心,專任,副教授,劉貞妤,語料庫輔助語言學習、學術英文、第二語言詞彙習得,http://www.ncu.edu.tw
0008,公立,一般大學,國立中央大學,-,-,-,-,-,-,-,語言中心,專任,助理教授,王瓊瑤,英語教學,http://www.ncu.edu.tw
0008,公立,一般大學,國立中央大學,-,-,-,-,-,-,-,語言中心,專任,助理教授,李明懿,華語教學,http://www.ncu.edu.tw
0008,公立,一般大學,國立中央大學,-,-,-,-,-,-,-,語言中心,專任,助理教授,陳若盈,英語教學,http://www.ncu.edu.tw
0008,公立,一般大學,國立中央大學,-,-,-,-,-,-,-,語言中心,專任,助理教授,黃馨瑩,英語教學,http://www.ncu.edu.tw
0008,公立,一般大學,國立中央大學,-,-,-,-,-,-,-,語言中心,專任,助理教授,劉慧娟,華語教學,http://www.ncu.edu.tw
0008,公立,一般大學,國立中央大學,-,-,-,-,-,-,-,語言中心,專任,助理教授,鍾于喬,雙語與多語教育、EMI、 英語教育、多語數位故事及創新語言教材教法,http://www.ncu.edu.tw
0008,公立,一般大學,國立中央大學,-,-,-,-,-,-,-,語言中心,專任,講師,任秀英,英語教學,http://www.ncu.edu.tw
0008,公立,一般大學,國立中央大學,-,-,-,-,-,-,-,語言中心,專任,講師,朱琼芝,英語教學,http://www.ncu.edu.tw
0008,公立,一般大學,國立中央大學,-,-,-,-,-,-,-,語言中心,專任,講師,秦毓權,英語教學,http://www.ncu.edu.tw
0008,公立,一般大學,國立中央大學,-,-,-,-,-,-,-,語言中心,專任,講師,耿文瑤,英語教學,http://www.ncu.edu.tw
0008,公立,一般大學,國立中央大學,-,-,-,-,-,-,-,語言中心,專任,講師,陳雯玲,英語教學,http://www.ncu.edu.tw
0008,公立,一般大學,國立中央大學,-,-,-,-,-,-,-,語言中心,專任,講師,黃淑芬,英語教學,http://www.ncu.edu.tw
0008,公立,一般大學,國立中央大學,-,-,-,-,-,-,-,語言中心,專任,講師,劉愛萍,英語教學,http://www.ncu.edu.tw
0008,公立,一般大學,國立中央大學,-,-,-,-,-,-,-,語言中心,兼任,副教授,許孟蓉,日語教學,http://www.ncu.edu.tw
0008,公立,一般大學,國立中央大學,-,-,-,-,-,-,-,語言中心,兼任,助理教授,楊漫恩,日語教學,http://www.ncu.edu.tw
0008,公立,一般大學,國立中央大學,-,-,-,-,-,-,-,語言中心,兼任,講師,王中成,日語教學,http://www.ncu.edu.tw
0008,公立,一般大學,國立中央大學,-,-,-,-,-,-,-,語言中心,兼任,講師,古岱育,西班牙語教學,http://www.ncu.edu.tw
0008,公立,一般大學,國立中央大學,-,-,-,-,-,-,-,語言中心,兼任,講師,江任洸,日語教學,http://www.ncu.edu.tw
0008,公立,一般大學,國立中央大學,-,-,-,-,-,-,-,語言中心,兼任,講師,余秋菊,日語教學,http://www.ncu.edu.tw
0008,公立,一般大學,國立中央大學,-,-,-,-,-,-,-,語言中心,兼任,講師,巫冠蓉,法語教學,http://www.ncu.edu.tw
0008,公立,一般大學,國立中央大學,-,-,-,-,-,-,-,語言中心,兼任,講師,邱智銘,德語教學,http://www.ncu.edu.tw
0008,公立,一般大學,國立中央大學,-,-,-,-,-,-,-,語言中心,兼任,講師,洪韶翎,日語教學,http://www.ncu.edu.tw
0008,公立,一般大學,國立中央大學,-,-,-,-,-,-,-,語言中心,兼任,講師,胡佳毓,英語教學,http://www.ncu.edu.tw
0008,公立,一般大學,國立中央大學,-,-,-,-,-,-,-,語言中心,兼任,講師,范垂玲,越南語教學,http://www.ncu.edu.tw
0008,公立,一般大學,國立中央大學,-,-,-,-,-,-,-,語言中心,兼任,講師,范美媛,華語教學,http://www.ncu.edu.tw
0008,公立,一般大學,國立中央大學,-,-,-,-,-,-,-,語言中心,兼任,講師,徐碧茹,日語教學,http://www.ncu.edu.tw
0008,公立,一般大學,國立中央大學,-,-,-,-,-,-,-,語言中心,兼任,講師,崔美羅,韓語教學,http://www.ncu.edu.tw
0008,公立,一般大學,國立中央大學,-,-,-,-,-,-,-,語言中心,兼任,講師,張恆如,日語教學,http://www.ncu.edu.tw
0008,公立,一般大學,國立中央大學,-,-,-,-,-,-,-,語言中心,兼任,講師,張瑛,華語教學,http://www.ncu.edu.tw
0008,公立,一般大學,國立中央大學,-,-,-,-,-,-,-,語言中心,兼任,講師,陳佳鈴,德語教學,http://www.ncu.edu.tw
0008,公立,一般大學,國立中央大學,-,-,-,-,-,-,-,語言中心,兼任,講師,陳旻青,英語教學,http://www.ncu.edu.tw
0008,公立,一般大學,國立中央大學,-,-,-,-,-,-,-,語言中心,兼任,講師,陳瑞珠,泰語教學,http://www.ncu.edu.tw
0008,公立,一般大學,國立中央大學,-,-,-,-,-,-,-,語言中心,兼任,講師,陳慶萱,華語教學,http://www.ncu.edu.tw
0008,公立,一般大學,國立中央大學,-,-,-,-,-,-,-,語言中心,兼任,講師,陸夢蓮,德語教學,http://www.ncu.edu.tw
0008,公立,一般大學,國立中央大學,-,-,-,-,-,-,-,語言中心,兼任,講師,楊妙如,英語教學,http://www.ncu.edu.tw
0008,公立,一般大學,國立中央大學,-,-,-,-,-,-,-,語言中心,兼任,講師,楊亞璇,華語教學,http://www.ncu.edu.tw
0008,公立,一般大學,國立中央大學,-,-,-,-,-,-,-,語言中心,兼任,講師,闕郁軒,英語教學,http://www.ncu.edu.tw
0008,公立,一般大學,國立中央大學,-,-,-,-,-,-,-,體育室,專任,副教授,吳文郁,"桌球,體適能",http://www.ncu.edu.tw
0008,公立,一般大學,國立中央大學,-,-,-,-,-,-,-,體育室,專任,副教授,邱文聲,"棒球,慢速壘球",http://www.ncu.edu.tw
0008,公立,一般大學,國立中央大學,-,-,-,-,-,-,-,體育室,專任,副教授,張哲千,"網球,羽球",http://www.ncu.edu.tw
0008,公立,一般大學,國立中央大學,-,-,-,-,-,-,-,體育室,專任,副教授,陳政達,"排球,高爾夫",http://www.ncu.edu.tw
0008,公立,一般大學,國立中央大學,-,-,-,-,-,-,-,體育室,專任,副教授,黃相瑋,"網球,羽球",http://www.ncu.edu.tw
0008,公立,一般大學,國立中央大學,-,-,-,-,-,-,-,體育室,專任,助理教授,吳治翰,田徑、體能訓練、重量訓練、競技與健身運動心理學,http://www.ncu.edu.tw
0008,公立,一般大學,國立中央大學,-,-,-,-,-,-,-,體育室,專任,助理教授,沈淑貞,"舞蹈,游泳",http://www.ncu.edu.tw
0008,公立,一般大學,國立中央大學,-,-,-,-,-,-,-,體育室,專任,助理教授,張桂菱,現代舞、瑜珈、爵士舞、舞蹈美學研究、運動經驗研究,http://www.ncu.edu.tw
0008,公立,一般大學,國立中央大學,-,-,-,-,-,-,-,體育室,專任,助理教授,鄭貴中,"排球,游泳",http://www.ncu.edu.tw
0008,公立,一般大學,國立中央大學,-,-,-,-,-,-,-,體育室,專任,講師,余宏群,"跆拳道,適應體育",http://www.ncu.edu.tw
0008,公立,一般大學,國立中央大學,-,-,-,-,-,-,-,體育室,專任,講師,陳冠錦,"籃球,運動心理學",http://www.ncu.edu.tw
0008,公立,一般大學,國立中央大學,-,-,-,-,-,-,-,體育室,兼任,助理教授,林國威,"田徑,體適能",http://www.ncu.edu.tw
0008,公立,一般大學,國立中央大學,-,-,-,-,-,-,-,體育室,兼任,講師,劉振華,"角力,柔道",http://www.ncu.edu.tw
0008,公立,一般大學,國立中央大學,01,教育,011,教育,0111,教育學,01115001,學習與教學研究所,專任,教授,陳斐卿,學習學、教師學習社群、質性研究,http://lrn.ncu.edu.tw
0008,公立,一般大學,國立中央大學,01,教育,011,教育,0111,教育學,01115001,學習與教學研究所,專任,副教授,張佩芬,課程設計、工程教育、諮商輔導,http://lrn.ncu.edu.tw
0008,公立,一般大學,國立中央大學,01,教育,011,教育,0111,教育學,01115001,學習與教學研究所,專任,副教授,許宏儒,教育哲學、另類教育/實驗教育,http://lrn.ncu.edu.tw
0008,公立,一般大學,國立中央大學,01,教育,011,教育,0111,教育學,01115001,學習與教學研究所,專任,副教授,辜玉旻,"閱讀發展,詞彙習得,發展心理語言學",http://lrn.ncu.edu.tw
0008,公立,一般大學,國立中央大學,01,教育,011,教育,0111,教育學,01115001,學習與教學研究所,專任,副教授,趙子揚,學習評量、教育統計、潛在變項模式、考試焦慮,http://lrn.ncu.edu.tw
0008,公立,一般大學,國立中央大學,01,教育,011,教育,0111,教育學,01115001,學習與教學研究所,專任,副教授,劉旨峯,數位學習、教育創客與桌遊、自主學習與實踐,http://lrn.ncu.edu.tw
0008,公立,一般大學,國立中央大學,01,教育,011,教育,0111,教育學,01115001,學習與教學研究所,專任,助理教授,呂依蓉,融合教育、學習社群、課程設計、高等教育品保,http://lrn.ncu.edu.tw
0008,公立,一般大學,國立中央大學,01,教育,011,教育,0111,教育學,01115001,學習與教學研究所,兼任,教授,衛友賢,第二語言學習與教學、英語/華語比較分析、運算語言模型研發,http://lrn.ncu.edu.tw
0008,公立,一般大學,國立中央大學,02,藝術及人文,021,藝術,0219,其他藝術,02191004,藝術學研究所,專任,教授,巫佩蓉,"日本美術史,近代日本美術與西洋文化,中日美術比較,佛教藝術",http://art.ncu.edu.tw/
0008,公立,一般大學,國立中央大學,02,藝術及人文,021,藝術,0219,其他藝術,02191004,藝術學研究所,專任,教授,曾少千,"現代藝術史,當代藝術,攝影論述",http://art.ncu.edu.tw/
0008,公立,一般大學,國立中央大學,02,藝術及人文,021,藝術,0219,其他藝術,02191004,藝術學研究所,專任,助理教授,王瑞婷,歐洲近代藝術史與視覺文化，圖像學史，藝術史學史，藝術社會史，藝術文獻,http://art.ncu.edu.tw/
0008,公立,一般大學,國立中央大學,02,藝術及人文,021,藝術,0219,其他藝術,02191004,藝術學研究所,專任,助理教授,王聖閎,"藝術評論,美學與生命政治,當代藝術與視覺文化",http://art.ncu.edu.tw/
0008,公立,一般大學,國立中央大學,02,藝術及人文,021,藝術,0219,其他藝術,02191004,藝術學研究所,專任,助理教授,李宜蓁,禪宗繪畫，佛教繪畫，中國繪畫史，東亞藝術交流史,http://art.ncu.edu.tw/
0008,公立,一般大學,國立中央大學,02,藝術及人文,022,人文,0222,歷史及考古學,02221010,歷史研究所,專任,教授,王力堅,"六朝文學與文論,唐詩及唐五代詞,清代文學與文論",https://his.ncu.edu.tw/
0008,公立,一般大學,國立中央大學,02,藝術及人文,022,人文,0222,歷史及考古學,02221010,歷史研究所,專任,教授,皮國立,中國醫療社會史、疾病史、中國近代戰爭與科技,https://his.ncu.edu.tw/
0008,公立,一般大學,國立中央大學,02,藝術及人文,022,人文,0222,歷史及考古學,02221010,歷史研究所,專任,教授,李力庸,台灣農業發展史研究，台灣社會經濟史,https://his.ncu.edu.tw/
0008,公立,一般大學,國立中央大學,02,藝術及人文,022,人文,0222,歷史及考古學,02221010,歷史研究所,專任,教授,李孝悌,明清社會文化史,https://his.ncu.edu.tw/
0008,公立,一般大學,國立中央大學,02,藝術及人文,022,人文,0222,歷史及考古學,02221010,歷史研究所,專任,教授,蔣竹山,明清社會文化史、新文化史、當代西方史學理論、全球史、大眾史學、環境史,https://his.ncu.edu.tw/
0008,公立,一般大學,國立中央大學,02,藝術及人文,022,人文,0222,歷史及考古學,02221010,歷史研究所,專任,教授,鄭政誠,近代台灣史，區域研究，歷史教育,https://his.ncu.edu.tw/
0008,公立,一般大學,國立中央大學,02,藝術及人文,022,人文,0222,歷史及考古學,02221010,歷史研究所,專任,助理教授,陳家豪,交通史、企業史、經濟史,https://his.ncu.edu.tw/
0008,公立,一般大學,國立中央大學,02,藝術及人文,022,人文,0222,歷史及考古學,02221010,歷史研究所,兼任,教授,吳學明,台灣開發史，台灣文化史，台灣客家移墾史,https://his.ncu.edu.tw/
0008,公立,一般大學,國立中央大學,02,藝術及人文,022,人文,0222,歷史及考古學,02221010,歷史研究所,兼任,教授,齊茂吉,中共黨史研究，兩岸關係史研究,https://his.ncu.edu.tw/
0008,公立,一般大學,國立中央大學,02,藝術及人文,022,人文,0222,歷史及考古學,02221010,歷史研究所,兼任,教授,賴澤涵,中國、歐洲社會史研究，中國現代史研究,https://his.ncu.edu.tw/
0008,公立,一般大學,國立中央大學,02,藝術及人文,022,人文,0222,歷史及考古學,02221010,歷史研究所,兼任,助理教授,鄭巧君,臺灣觀光史、臺灣影視史,https://his.ncu.edu.tw/
0008,公立,一般大學,國立中央大學,02,藝術及人文,022,人文,0223,哲學,02231011,哲學研究所,專任,教授,孫雲平,應用倫理學、形上學、語言哲學,http://phi.ncu.edu.tw
0008,公立,一般大學,國立中央大學,02,藝術及人文,022,人文,0223,哲學,02231011,哲學研究所,專任,教授,陸敬忠,德意志哲學，詮釋學哲學，宗教哲學，漢語哲學當代詮釋,http://phi.ncu.edu.tw
0008,公立,一般大學,國立中央大學,02,藝術及人文,022,人文,0223,哲學,02231011,哲學研究所,專任,教授,黃崇修,中國哲學史、宋明理學、東亞儒學、先秦哲學、醫學哲學,http://phi.ncu.edu.tw
0008,公立,一般大學,國立中央大學,02,藝術及人文,022,人文,0223,哲學,02231011,哲學研究所,專任,副教授,李彥儀,先秦儒學、當代新儒學、宗教哲學、教育哲學、品德教育,http://phi.ncu.edu.tw
0008,公立,一般大學,國立中央大學,02,藝術及人文,022,人文,0223,哲學,02231011,哲學研究所,專任,副教授,黃雅嫺,法國當代哲學、解構哲學、存在主義、跨文化哲學、法國現象學運動,http://phi.ncu.edu.tw
0008,公立,一般大學,國立中央大學,02,藝術及人文,022,人文,0223,哲學,02231011,哲學研究所,專任,副教授,潘怡帆,當代歐陸哲學、哲學文學理論與批評、美學,http://phi.ncu.edu.tw
0008,公立,一般大學,國立中央大學,02,藝術及人文,022,人文,0223,哲學,02231011,哲學研究所,專任,助理教授,蘇子媖,儒家哲學、臺灣儒學、兒童哲學,http://phi.ncu.edu.tw
0008,公立,一般大學,國立中央大學,02,藝術及人文,022,人文,0223,哲學,02231011,哲學研究所,兼任,教授,李瑞全,儒家應用倫理學、生命倫理學、康德哲學,http://phi.ncu.edu.tw
0008,公立,一般大學,國立中央大學,02,藝術及人文,022,人文,0223,哲學,02231011,哲學研究所,兼任,教授,林安梧,當代儒佛爭議、儒教中國的哲學省察、當代新儒學,http://phi.ncu.edu.tw
0008,公立,一般大學,國立中央大學,02,藝術及人文,022,人文,0223,哲學,02231011,哲學研究所,兼任,教授,甯應斌,科學哲學、政治哲學、性別理論、女性主義,http://phi.ncu.edu.tw
0008,公立,一般大學,國立中央大學,02,藝術及人文,022,人文,0223,哲學,02231011,哲學研究所,兼任,教授,楊祖漢,儒學、康德哲學,http://phi.ncu.edu.tw
0008,公立,一般大學,國立中央大學,02,藝術及人文,022,人文,0223,哲學,02231011,哲學研究所,兼任,教授,蔡耀明,宗教哲學、中國哲學、儒道佛會通,http://phi.ncu.edu.tw
0008,公立,一般大學,國立中央大學,02,藝術及人文,022,人文,0223,哲學,02231011,哲學研究所,兼任,教授,蕭振邦,中國美學、環境倫理學、中國大乘佛學、維根斯坦,http://phi.ncu.edu.tw
0008,公立,一般大學,國立中央大學,02,藝術及人文,022,人文,0223,哲學,02231011,哲學研究所,兼任,副教授,李凱恩,死亡哲學、環境倫理學、人格同一,http://phi.ncu.edu.tw
0008,公立,一般大學,國立中央大學,02,藝術及人文,022,人文,0229,其他人文,02299080,文學院學士班,專任,教授,林文淇,電影研究、華語電影、侯孝賢、電影翻譯、台灣電影,http://ipla.ncu.edu.tw/
0008,公立,一般大學,國立中央大學,02,藝術及人文,022,人文,0229,其他人文,02299080,文學院學士班,專任,教授,謝佳娟,西方近現代藝術史、收藏展示史、印刷文化,http://ipla.ncu.edu.tw/
0008,公立,一般大學,國立中央大學,02,藝術及人文,022,人文,0229,其他人文,02299080,文學院學士班,專任,助理教授,倪娃法,臺灣電影、電影策展,http://ipla.ncu.edu.tw/
0008,公立,一般大學,國立中央大學,02,藝術及人文,022,人文,0229,其他人文,02299080,文學院學士班,專任,助理教授,莎瓏．伊斯哈罕布德,紀錄片製作、媒體文化研究、原住民高等教育,http://ipla.ncu.edu.tw/
0008,公立,一般大學,國立中央大學,02,藝術及人文,023,語文,0231,外國語文學,02311007,英美語文學系,專任,教授,丁乃非,性別研究、亞際女性主義、文化研究,http://english.ncu.edu.tw/
0008,公立,一般大學,國立中央大學,02,藝術及人文,023,語文,0231,外國語文學,02311007,英美語文學系,專任,教授,白大維,前衛藝術、藝術批判、比較文學、諷刺文學、金錢文化、文化研究,http://english.ncu.edu.tw/
0008,公立,一般大學,國立中央大學,02,藝術及人文,023,語文,0231,外國語文學,02311007,英美語文學系,專任,教授,白瑞梅,現代主義與比較文學、判性比較詩學、文化研究、性別研究、後殖民研究,http://english.ncu.edu.tw/
0008,公立,一般大學,國立中央大學,02,藝術及人文,023,語文,0231,外國語文學,02311007,英美語文學系,專任,教授,周慧玲,戲劇史論與研究方法，文化政策與表演藝術，表演藝術文化創意產業研究,http://english.ncu.edu.tw/
0008,公立,一般大學,國立中央大學,02,藝術及人文,023,語文,0231,外國語文學,02311007,英美語文學系,專任,教授,梁美雅,社會認知語言學、電腦中介溝通、跨文化言談研究、多模態敘事分析,http://english.ncu.edu.tw/
0008,公立,一般大學,國立中央大學,02,藝術及人文,023,語文,0231,外國語文學,02311007,英美語文學系,專任,教授,黃道明,文化研究、性別研究、愛滋研究、左翼酷兒研究,http://english.ncu.edu.tw/
0008,公立,一般大學,國立中央大學,02,藝術及人文,023,語文,0231,外國語文學,02311007,英美語文學系,專任,教授,葉德宣,十九世紀英國文學、文學與文化理論、性別研究、情感研究,http://english.ncu.edu.tw/
0008,公立,一般大學,國立中央大學,02,藝術及人文,023,語文,0231,外國語文學,02311007,英美語文學系,專任,教授,戴芃儀,動畫、電影與媒體研究、批判理論、批判生產研究,http://english.ncu.edu.tw/
0008,公立,一般大學,國立中央大學,02,藝術及人文,023,語文,0231,外國語文學,02311007,英美語文學系,專任,副教授,吳育慶,歐洲中世紀暨文藝復興文學、喬叟、情感歷史,http://english.ncu.edu.tw/
0008,公立,一般大學,國立中央大學,02,藝術及人文,023,語文,0231,外國語文學,02311007,英美語文學系,專任,副教授,吳慧娟,報導文學、移民工文學、跨太平洋文學、亞美文學,http://english.ncu.edu.tw/
0008,公立,一般大學,國立中央大學,02,藝術及人文,023,語文,0231,外國語文學,02311007,英美語文學系,專任,副教授,林建廷,醫療現代性與生命政治、亞際文化研究、跨太平洋冷戰及後冷戰研究,http://english.ncu.edu.tw/
0008,公立,一般大學,國立中央大學,02,藝術及人文,023,語文,0231,外國語文學,02311007,英美語文學系,專任,副教授,柏伶,知覺哲學、社會本體論、美學、哲學理論翻譯和演繹,http://english.ncu.edu.tw/
0008,公立,一般大學,國立中央大學,02,藝術及人文,023,語文,0231,外國語文學,02311007,英美語文學系,專任,助理教授,李婉歆,社會語言學、言談分析,http://english.ncu.edu.tw/
0008,公立,一般大學,國立中央大學,02,藝術及人文,023,語文,0231,外國語文學,02311007,英美語文學系,專任,助理教授,倉誦凝,古代文學；十九世紀、二十世紀文學；勞動；馬克思主義；語文學；情感理論,http://english.ncu.edu.tw/
0008,公立,一般大學,國立中央大學,02,藝術及人文,023,語文,0231,外國語文學,02311008,法國語文學系,專任,教授,甘佳平,"法國十九世紀文學,法國貴族社會制度",https://french.ncu.edu.tw/
0008,公立,一般大學,國立中央大學,02,藝術及人文,023,語文,0231,外國語文學,02311008,法國語文學系,專任,副教授,史惟筑,"電影美學,初始電影研究,當代影視覺藝術,影像教育",https://french.ncu.edu.tw/
0008,公立,一般大學,國立中央大學,02,藝術及人文,023,語文,0231,外國語文學,02311008,法國語文學系,專任,副教授,林德祐,"法國小說研究,文學批評,翻譯",https://french.ncu.edu.tw/
0008,公立,一般大學,國立中央大學,02,藝術及人文,023,語文,0231,外國語文學,02311008,法國語文學系,專任,副教授,徐佳華,法國文學,https://french.ncu.edu.tw/
0008,公立,一般大學,國立中央大學,02,藝術及人文,023,語文,0231,外國語文學,02311008,法國語文學系,專任,副教授,許樂山,"科學法語,運算思維,人工智慧及文學",https://french.ncu.edu.tw/
0008,公立,一般大學,國立中央大學,02,藝術及人文,023,語文,0231,外國語文學,02311008,法國語文學系,專任,副教授,劉柏桑,"地緣政治,法國當代思潮",https://french.ncu.edu.tw/
0008,公立,一般大學,國立中央大學,02,藝術及人文,023,語文,0231,外國語文學,02311008,法國語文學系,專任,助理教授,何玉清,"法語教學,人類學,宗教研究",https://french.ncu.edu.tw/
0008,公立,一般大學,國立中央大學,02,藝術及人文,023,語文,0231,外國語文學,02311008,法國語文學系,專任,助理教授,翁振盛,"符號學,敘事理論,修辭學精神分析的理論探究及其應用",https://french.ncu.edu.tw/
0008,公立,一般大學,國立中央大學,02,藝術及人文,023,語文,0231,外國語文學,02311008,法國語文學系,專任,助理教授,張雅婷,"當代法國文學,生命書寫,文本生成學",https://french.ncu.edu.tw/
0008,公立,一般大學,國立中央大學,02,藝術及人文,023,語文,0231,外國語文學,02311008,法國語文學系,專任,助理教授,陳尚培,人文地理學,https://french.ncu.edu.tw/
0008,公立,一般大學,國立中央大學,02,藝術及人文,023,語文,0231,外國語文學,02311008,法國語文學系,專任,助理教授,薛鎵鋐,語言學理論史,https://french.ncu.edu.tw/
0008,公立,一般大學,國立中央大學,02,藝術及人文,023,語文,0231,外國語文學,02311008,法國語文學系,專任,講師,邱惠佩,法國文學,https://french.ncu.edu.tw/
0008,公立,一般大學,國立中央大學,02,藝術及人文,023,語文,0231,外國語文學,02311008,法國語文學系,兼任,副教授,劉順一,"語用學,語言互動理論與分析,莫里哀戲劇",https://french.ncu.edu.tw/
0008,公立,一般大學,國立中央大學,02,藝術及人文,023,語文,0231,外國語文學,02311008,法國語文學系,兼任,講師,洪婕,"法國文學,藝術,哲學",https://french.ncu.edu.tw/
0008,公立,一般大學,國立中央大學,02,藝術及人文,023,語文,0231,外國語文學,02311008,法國語文學系,兼任,講師,陳志明,"視聽教學,法語教學",https://french.ncu.edu.tw/
0008,公立,一般大學,國立中央大學,02,藝術及人文,023,語文,0232,本國語文學,02322006,中國文學系,專任,教授,王學玲,明清之際文學書寫與文化現象、清初輿地文化與文學、辭賦學,https://www.chinese.ncu.edu.tw/
0008,公立,一般大學,國立中央大學,02,藝術及人文,023,語文,0232,本國語文學,02322006,中國文學系,專任,教授,呂文翠,比較文學方法論、 晚清小說與文化概論、都市文學、戰後台灣小說,https://www.chinese.ncu.edu.tw/
0008,公立,一般大學,國立中央大學,02,藝術及人文,023,語文,0232,本國語文學,02322006,中國文學系,專任,教授,李元皓,"戲曲表演研究,戲曲史,當代戲曲,俗文學",https://www.chinese.ncu.edu.tw/
0008,公立,一般大學,國立中央大學,02,藝術及人文,023,語文,0232,本國語文學,02322006,中國文學系,專任,教授,李淑萍,文字學、訓詁學、漢字文化、字詞典編纂,https://www.chinese.ncu.edu.tw/
0008,公立,一般大學,國立中央大學,02,藝術及人文,023,語文,0232,本國語文學,02322006,中國文學系,專任,教授,卓清芬,詞學、詩學,https://www.chinese.ncu.edu.tw/
0008,公立,一般大學,國立中央大學,02,藝術及人文,023,語文,0232,本國語文學,02322006,中國文學系,專任,教授,胡雲鳳,古文字學 、古漢語語法、現代漢字學 、漢字教學,https://www.chinese.ncu.edu.tw/
0008,公立,一般大學,國立中央大學,02,藝術及人文,023,語文,0232,本國語文學,02322006,中國文學系,專任,教授,賀廣如,經學、明清學術史、中國思想史,https://www.chinese.ncu.edu.tw/
0008,公立,一般大學,國立中央大學,02,藝術及人文,023,語文,0232,本國語文學,02322006,中國文學系,專任,教授,楊自平,易學、論語、孟子、荀子、宋明儒學、三國學、史記,https://www.chinese.ncu.edu.tw/
0008,公立,一般大學,國立中央大學,02,藝術及人文,023,語文,0232,本國語文學,02322006,中國文學系,專任,教授,劉德明,春秋學、中國學術思想史、經典解釋學,https://www.chinese.ncu.edu.tw/
0008,公立,一般大學,國立中央大學,02,藝術及人文,023,語文,0232,本國語文學,02322006,中國文學系,專任,副教授,李宜學,李商隱詩、唐詩、中國文學批評,https://www.chinese.ncu.edu.tw/
0008,公立,一般大學,國立中央大學,02,藝術及人文,023,語文,0232,本國語文學,02322006,中國文學系,專任,副教授,李欣倫,明清古典小說、台灣文學、台灣散文及小說創作、報導文學,https://www.chinese.ncu.edu.tw/
0008,公立,一般大學,國立中央大學,02,藝術及人文,023,語文,0232,本國語文學,02322006,中國文學系,專任,副教授,孫致文,經學(三禮、清代經學)、文獻學、戲曲,https://www.chinese.ncu.edu.tw/
0008,公立,一般大學,國立中央大學,02,藝術及人文,023,語文,0232,本國語文學,02322006,中國文學系,專任,副教授,莊宜文,現代小說、台灣文學、張愛玲研究、文學改編影劇,https://www.chinese.ncu.edu.tw/
0008,公立,一般大學,國立中央大學,02,藝術及人文,023,語文,0232,本國語文學,02322006,中國文學系,專任,副教授,郭永吉,漢魏六朝文化與思想、兩漢經學史、漢魏六朝辭賦學,https://www.chinese.ncu.edu.tw/
0008,公立,一般大學,國立中央大學,02,藝術及人文,023,語文,0232,本國語文學,02322006,中國文學系,專任,副教授,廖湘美,聲韻學、漢語方言學、社會語言學,https://www.chinese.ncu.edu.tw/
0008,公立,一般大學,國立中央大學,02,藝術及人文,023,語文,0232,本國語文學,02322006,中國文學系,專任,助理教授,王矞慈,明代心學、三教思想、宋明思想史,https://www.chinese.ncu.edu.tw/
0008,公立,一般大學,國立中央大學,02,藝術及人文,023,語文,0232,本國語文學,02322006,中國文學系,專任,助理教授,宋玉雯,中國現當代文學研究、文學與文化研究,https://www.chinese.ncu.edu.tw/
0008,公立,一般大學,國立中央大學,02,藝術及人文,023,語文,0232,本國語文學,02322006,中國文學系,專任,助理教授,邱嘉耀,戲曲研究,https://www.chinese.ncu.edu.tw/
0008,公立,一般大學,國立中央大學,02,藝術及人文,023,語文,0232,本國語文學,02322006,中國文學系,專任,助理教授,胡川安,文化創意、飲食書寫、數位多媒體應用、中國古代文明與考古、域外漢學,https://www.chinese.ncu.edu.tw/
0008,公立,一般大學,國立中央大學,02,藝術及人文,023,語文,0232,本國語文學,02322006,中國文學系,兼任,教授,王錦慧,漢語語法、歷史語法、修辭學,https://www.chinese.ncu.edu.tw/
0008,公立,一般大學,國立中央大學,02,藝術及人文,023,語文,0232,本國語文學,02322006,中國文學系,兼任,教授,吳汝鈞,佛學、儒家、老莊道家哲學、京都哲學,https://www.chinese.ncu.edu.tw/
0008,公立,一般大學,國立中央大學,02,藝術及人文,023,語文,0232,本國語文學,02322006,中國文學系,兼任,教授,李瑞騰,中國古典詩、晚清文學、臺灣現代文學、東南亞華語文學、出版學,https://www.chinese.ncu.edu.tw/
0008,公立,一般大學,國立中央大學,02,藝術及人文,023,語文,0232,本國語文學,02322006,中國文學系,兼任,助理教授,李慧琪,論孟思想、宋明理學,https://www.chinese.ncu.edu.tw/
0008,公立,一般大學,國立中央大學,02,藝術及人文,023,語文,0232,本國語文學,02322006,中國文學系,兼任,助理教授,涂藍云,魏晉玄學、詮釋學、當代新儒家、先秦哲學,https://www.chinese.ncu.edu.tw/
0008,公立,一般大學,國立中央大學,02,藝術及人文,023,語文,0232,本國語文學,02322006,中國文學系,兼任,助理教授,莊斐喬,文字學、訓詁學,https://www.chinese.ncu.edu.tw/
0008,公立,一般大學,國立中央大學,02,藝術及人文,023,語文,0232,本國語文學,02322006,中國文學系,兼任,助理教授,黃思超,傳統戲曲、當代戲曲、曲學,https://www.chinese.ncu.edu.tw/
0008,公立,一般大學,國立中央大學,02,藝術及人文,023,語文,0232,本國語文學,02322006,中國文學系,兼任,助理教授,楊宜佩,中國語文,https://www.chinese.ncu.edu.tw/
0008,公立,一般大學,國立中央大學,02,藝術及人文,023,語文,0232,本國語文學,02322006,中國文學系,兼任,助理教授,劉力仁,新聞採訪寫作,https://www.chinese.ncu.edu.tw/
0008,公立,一般大學,國立中央大學,02,藝術及人文,023,語文,0232,本國語文學,02322006,中國文學系,兼任,助理教授,劉心慧,崑曲,https://www.chinese.ncu.edu.tw/
0008,公立,一般大學,國立中央大學,02,藝術及人文,023,語文,0232,本國語文學,02322006,中國文學系,兼任,助理教授,鍾怡彥,現代文學、台灣文學、客家文學,https://www.chinese.ncu.edu.tw/
0008,公立,一般大學,國立中央大學,02,藝術及人文,023,語文,0232,本國語文學,02322006,中國文學系,兼任,講師,王照璵,近當代戲曲,https://www.chinese.ncu.edu.tw/
0008,公立,一般大學,國立中央大學,02,藝術及人文,023,語文,0232,本國語文學,02322006,中國文學系,兼任,講師,林淑珍,兒童文學,https://www.chinese.ncu.edu.tw/
0008,公立,一般大學,國立中央大學,02,藝術及人文,023,語文,0232,本國語文學,02322006,中國文學系,兼任,講師,林廣一,中國語文,https://www.chinese.ncu.edu.tw/
0008,公立,一般大學,國立中央大學,02,藝術及人文,023,語文,0232,本國語文學,02322006,中國文學系,兼任,講師,張力云,先秦儒學、宋明理學、當代新儒家,https://www.chinese.ncu.edu.tw/
0008,公立,一般大學,國立中央大學,02,藝術及人文,023,語文,0232,本國語文學,02322006,中國文學系,兼任,講師,張克濟,文獻學、先秦兩漢史與考古文物、左傳、史記、漢魏樂府詩,https://www.chinese.ncu.edu.tw/
0008,公立,一般大學,國立中央大學,02,藝術及人文,023,語文,0232,本國語文學,02322006,中國文學系,兼任,講師,許慈珍,清代學術、經學,https://www.chinese.ncu.edu.tw/
0008,公立,一般大學,國立中央大學,02,藝術及人文,023,語文,0232,本國語文學,02322006,中國文學系,兼任,講師,廖鈺婷,義理,https://www.chinese.ncu.edu.tw/
0008,公立,一般大學,國立中央大學,02,藝術及人文,023,語文,0232,本國語文學,02322006,中國文學系,兼任,講師,劉毅鳴,儒學,https://www.chinese.ncu.edu.tw/
0008,公立,一般大學,國立中央大學,02,藝術及人文,023,語文,0232,本國語文學,02322006,中國文學系,兼任,講師,羅志強,古典詩詞、創作、現代詩、自然文學,https://www.chinese.ncu.edu.tw/
0008,公立,一般大學,國立中央大學,02,藝術及人文,023,語文,0232,本國語文學,02322006,中國文學系,兼任,講師,羅健祐,古典詩學,https://www.chinese.ncu.edu.tw/
0008,公立,一般大學,國立中央大學,02,藝術及人文,023,語文,0232,本國語文學,02322006,中國文學系,兼任,講師,蘇嘉駿,古典文學,https://www.chinese.ncu.edu.tw/
0008,公立,一般大學,國立中央大學,03,社會科學、新聞學及圖書資訊,031,社會及行為科學,0311,經濟學,03111013,經濟學系,專任,教授,邱俊榮,International Trade,https://ec.mgt.ncu.edu.tw/zh-TW
0008,公立,一般大學,國立中央大學,03,社會科學、新聞學及圖書資訊,031,社會及行為科學,0311,經濟學,03111013,經濟學系,專任,教授,吳大任,Industrial Economics,https://ec.mgt.ncu.edu.tw/zh-TW
0008,公立,一般大學,國立中央大學,03,社會科學、新聞學及圖書資訊,031,社會及行為科學,0311,經濟學,03111013,經濟學系,專任,教授,姚睿,Macroeconomics,https://ec.mgt.ncu.edu.tw/zh-TW
0008,公立,一般大學,國立中央大學,03,社會科學、新聞學及圖書資訊,031,社會及行為科學,0311,經濟學,03111013,經濟學系,專任,教授,徐之強,Econometric Theory,https://ec.mgt.ncu.edu.tw/zh-TW
0008,公立,一般大學,國立中央大學,03,社會科學、新聞學及圖書資訊,031,社會及行為科學,0311,經濟學,03111013,經濟學系,專任,教授,曾國欣,"衛星測高,大地測量,環境遙測,多光譜影像分析,衛星定位及導航",https://ec.mgt.ncu.edu.tw/zh-TW
0008,公立,一般大學,國立中央大學,03,社會科學、新聞學及圖書資訊,031,社會及行為科學,0311,經濟學,03111013,經濟學系,專任,教授,楊志海,Economics of Innovation,https://ec.mgt.ncu.edu.tw/zh-TW
0008,公立,一般大學,國立中央大學,03,社會科學、新聞學及圖書資訊,031,社會及行為科學,0311,經濟學,03111013,經濟學系,專任,教授,廖志興,總體,https://ec.mgt.ncu.edu.tw/zh-TW
0008,公立,一般大學,國立中央大學,03,社會科學、新聞學及圖書資訊,031,社會及行為科學,0311,經濟學,03111013,經濟學系,專任,教授,蔡龍治,"大氣科學,電機工程,電離層觀測,GPS掩星觀測",https://ec.mgt.ncu.edu.tw/zh-TW
0008,公立,一般大學,國立中央大學,03,社會科學、新聞學及圖書資訊,031,社會及行為科學,0311,經濟學,03111013,經濟學系,專任,副教授,王銘正,International Trade,https://ec.mgt.ncu.edu.tw/zh-TW
0008,公立,一般大學,國立中央大學,03,社會科學、新聞學及圖書資訊,031,社會及行為科學,0311,經濟學,03111013,經濟學系,專任,副教授,曹真睿,Economics of education,https://ec.mgt.ncu.edu.tw/zh-TW
0008,公立,一般大學,國立中央大學,03,社會科學、新聞學及圖書資訊,031,社會及行為科學,0311,經濟學,03111013,經濟學系,專任,副教授,鄭保志,Labor Economics,https://ec.mgt.ncu.edu.tw/zh-TW
0008,公立,一般大學,國立中央大學,03,社會科學、新聞學及圖書資訊,031,社會及行為科學,0311,經濟學,03111013,經濟學系,專任,助理教授,陳韻旻,財政學與總體經濟,https://ec.mgt.ncu.edu.tw/zh-TW
0008,公立,一般大學,國立中央大學,03,社會科學、新聞學及圖書資訊,031,社會及行為科學,0311,經濟學,03111013,經濟學系,兼任,副教授,楊瑞芬,金融科技,https://ec.mgt.ncu.edu.tw/zh-TW
0008,公立,一般大學,國立中央大學,03,社會科學、新聞學及圖書資訊,031,社會及行為科學,0311,經濟學,03111013,經濟學系,兼任,助理教授,陳碧芬,European Study,https://ec.mgt.ncu.edu.tw/zh-TW
0008,公立,一般大學,國立中央大學,03,社會科學、新聞學及圖書資訊,031,社會及行為科學,0311,經濟學,03111013,經濟學系,兼任,講師,王偉芳,"台灣金融發展史,東南亞政經研究",https://ec.mgt.ncu.edu.tw/zh-TW
0008,公立,一般大學,國立中央大學,03,社會科學、新聞學及圖書資訊,031,社會及行為科學,0311,經濟學,03111013,經濟學系,兼任,講師,戎培芬,Foreign Language Education,https://ec.mgt.ncu.edu.tw/zh-TW
0008,公立,一般大學,國立中央大學,03,社會科學、新聞學及圖書資訊,031,社會及行為科學,0311,經濟學,03111013,經濟學系,兼任,講師,張鈞綸,Political Economics,https://ec.mgt.ncu.edu.tw/zh-TW
0008,公立,一般大學,國立中央大學,03,社會科學、新聞學及圖書資訊,031,社會及行為科學,0311,經濟學,03111013,經濟學系,兼任,講師,張慕平,機器學習、深度學習、自然語言處理、強化學習、生成式對抗網路,https://ec.mgt.ncu.edu.tw/zh-TW
0008,公立,一般大學,國立中央大學,03,社會科學、新聞學及圖書資訊,031,社會及行為科學,0311,經濟學,03111013,經濟學系,兼任,講師,蔡明熹,統計,https://ec.mgt.ncu.edu.tw/zh-TW
0008,公立,一般大學,國立中央大學,03,社會科學、新聞學及圖書資訊,031,社會及行為科學,0311,經濟學,03111014,產業經濟研究所,專任,教授,鄭有為,證券交易法、破產法、公司法、企業組織法、金融法、重整法,http://ie.mgt.ncu.edu.tw/zh-TW
0008,公立,一般大學,國立中央大學,03,社會科學、新聞學及圖書資訊,031,社會及行為科學,0311,經濟學,03111014,產業經濟研究所,專任,教授,鄒孟文,產業經濟、勞動經濟、教育,http://ie.mgt.ncu.edu.tw/zh-TW
0008,公立,一般大學,國立中央大學,03,社會科學、新聞學及圖書資訊,031,社會及行為科學,0311,經濟學,03111014,產業經濟研究所,專任,副教授,王明禮,Cyberlaw Information,http://ie.mgt.ncu.edu.tw/zh-TW
0008,公立,一般大學,國立中央大學,03,社會科學、新聞學及圖書資訊,031,社會及行為科學,0311,經濟學,03111014,產業經濟研究所,專任,副教授,鄭婷嫻,公司證交法，金融科技法制與監理、虛擬加密貨幣法制研究、法律經濟分析,http://ie.mgt.ncu.edu.tw/zh-TW
0008,公立,一般大學,國立中央大學,03,社會科學、新聞學及圖書資訊,031,社會及行為科學,0311,經濟學,03111014,產業經濟研究所,兼任,教授,王弓,Industrial Economics,http://ie.mgt.ncu.edu.tw/zh-TW
0008,公立,一般大學,國立中央大學,03,社會科學、新聞學及圖書資訊,031,社會及行為科學,0311,經濟學,03111014,產業經濟研究所,兼任,教授,張明宗,產業經濟學、管制經濟學、經濟思想史,http://ie.mgt.ncu.edu.tw/zh-TW
0008,公立,一般大學,國立中央大學,03,社會科學、新聞學及圖書資訊,031,社會及行為科學,0311,經濟學,03111014,產業經濟研究所,兼任,教授,陳家駿,智慧財產權領域，科技法律議題，從電腦軟體、電子商務到近期新興科技,http://ie.mgt.ncu.edu.tw/zh-TW
0008,公立,一般大學,國立中央大學,03,社會科學、新聞學及圖書資訊,031,社會及行為科學,0311,經濟學,03111014,產業經濟研究所,兼任,教授,陳恭平,"Network Ecnomics,Law and Economics",http://ie.mgt.ncu.edu.tw/zh-TW
0008,公立,一般大學,國立中央大學,03,社會科學、新聞學及圖書資訊,031,社會及行為科學,0311,經濟學,03111014,產業經濟研究所,兼任,教授,蔡明芳,產業組織、國際貿易,http://ie.mgt.ncu.edu.tw/zh-TW
0008,公立,一般大學,國立中央大學,03,社會科學、新聞學及圖書資訊,031,社會及行為科學,0311,經濟學,03111014,產業經濟研究所,兼任,教授,謝易宏,公司法、證交法、金融法,http://ie.mgt.ncu.edu.tw/zh-TW
0008,公立,一般大學,國立中央大學,03,社會科學、新聞學及圖書資訊,031,社會及行為科學,0311,經濟學,03111014,產業經濟研究所,兼任,副教授,劉家樺,計量經濟,http://ie.mgt.ncu.edu.tw/zh-TW
0008,公立,一般大學,國立中央大學,03,社會科學、新聞學及圖書資訊,031,社會及行為科學,0311,經濟學,03111014,產業經濟研究所,兼任,副教授,蔡明宏,個體經濟,http://ie.mgt.ncu.edu.tw/zh-TW
0008,公立,一般大學,國立中央大學,03,社會科學、新聞學及圖書資訊,031,社會及行為科學,0313,心理學,03131017,認知神經科學研究所,專任,教授,吳嫻,"腦傷病患的失語,失憶研究,行動的知覺,概念,語言表達",http://icn.ncu.edu.tw/index.php
0008,公立,一般大學,國立中央大學,03,社會科學、新聞學及圖書資訊,031,社會及行為科學,0313,心理學,03131017,認知神經科學研究所,專任,教授,阮啓弘,"視覺注意力與眼球運動及神經運作機制,數字理解及處理",http://icn.ncu.edu.tw/index.php
0008,公立,一般大學,國立中央大學,03,社會科學、新聞學及圖書資訊,031,社會及行為科學,0313,心理學,03131017,認知神經科學研究所,專任,教授,馬杰仁,目標偵測、眼動控制、3D知覺、抑制控制、聯覺和時間,http://icn.ncu.edu.tw/index.php
0008,公立,一般大學,國立中央大學,03,社會科學、新聞學及圖書資訊,031,社會及行為科學,0313,心理學,03131017,認知神經科學研究所,專任,教授,鄭仕坤,"人類記憶,記憶扭曲,事件相關腦電位認知神經科學",http://icn.ncu.edu.tw/index.php
0008,公立,一般大學,國立中央大學,03,社會科學、新聞學及圖書資訊,031,社會及行為科學,0313,心理學,03131017,認知神經科學研究所,專任,副教授,徐峻賢,神經語言學、計算語言學、語音學、構詞學、語言習得,http://icn.ncu.edu.tw/index.php
0008,公立,一般大學,國立中央大學,03,社會科學、新聞學及圖書資訊,031,社會及行為科學,0313,心理學,03131017,認知神經科學研究所,專任,副教授,徐慈妤,"憂鬱型思考,執行控制,腦波/腦磁波分析,非侵入性腦刺激",http://icn.ncu.edu.tw/index.php
0008,公立,一般大學,國立中央大學,03,社會科學、新聞學及圖書資訊,031,社會及行為科學,0313,心理學,03131017,認知神經科學研究所,專任,副教授,張智宏,人類行動控制、視覺注意力、視覺知覺、老化與認知,http://icn.ncu.edu.tw/index.php
0008,公立,一般大學,國立中央大學,03,社會科學、新聞學及圖書資訊,031,社會及行為科學,0313,心理學,03131017,認知神經科學研究所,專任,副教授,梁偉光,"腦磁圖來源定位,EEG與MEG雜訊處理,數學模型建立",http://icn.ncu.edu.tw/index.php
0008,公立,一般大學,國立中央大學,03,社會科學、新聞學及圖書資訊,031,社會及行為科學,0313,心理學,03131017,認知神經科學研究所,專任,副教授,謝宜蕙,"絕對音感與音樂聽覺記憶,聽覺空間定位及聽覺空間辨識",http://icn.ncu.edu.tw/index.php
0008,公立,一般大學,國立中央大學,03,社會科學、新聞學及圖書資訊,031,社會及行為科學,0313,心理學,03131017,認知神經科學研究所,兼任,教授,李正達,精神官能症、身心症、失眠、精神分裂症、跨顱磁刺激術（rTMS）,http://icn.ncu.edu.tw/index.php
0008,公立,一般大學,國立中央大學,03,社會科學、新聞學及圖書資訊,031,社會及行為科學,0313,心理學,03131017,認知神經科學研究所,兼任,教授,李佳穎,"心理語言學,認知神經心理學",http://icn.ncu.edu.tw/index.php
0008,公立,一般大學,國立中央大學,03,社會科學、新聞學及圖書資訊,031,社會及行為科學,0313,心理學,03131017,認知神經科學研究所,兼任,教授,段正仁,神經影像、計算神經科學、生醫影像及訊號處理、腦機介面,http://icn.ncu.edu.tw/index.php
0008,公立,一般大學,國立中央大學,03,社會科學、新聞學及圖書資訊,031,社會及行為科學,0313,心理學,03131017,認知神經科學研究所,兼任,教授,洪蘭,認知、語言心理學 神經語言學,http://icn.ncu.edu.tw/index.php
0008,公立,一般大學,國立中央大學,03,社會科學、新聞學及圖書資訊,031,社會及行為科學,0313,心理學,03131017,認知神經科學研究所,兼任,教授,郭文瑞,利用功能性磁振造影 (fMRI) 去探討處理中文字,http://icn.ncu.edu.tw/index.php
0008,公立,一般大學,國立中央大學,03,社會科學、新聞學及圖書資訊,031,社會及行為科學,0313,心理學,03131017,認知神經科學研究所,兼任,教授,曾志朗,認知心理學、神經語言學、記憶、閱讀歷程及注意,http://icn.ncu.edu.tw/index.php
0008,公立,一般大學,國立中央大學,03,社會科學、新聞學及圖書資訊,031,社會及行為科學,0313,心理學,03131017,認知神經科學研究所,兼任,副教授,李俊仁,閱讀障礙、閱讀發展、認知神經科學,http://icn.ncu.edu.tw/index.php
0008,公立,一般大學,國立中央大學,03,社會科學、新聞學及圖書資訊,031,社會及行為科學,0313,心理學,03131017,認知神經科學研究所,兼任,副教授,張明中,實驗設計、數據簡化、統計建模,http://icn.ncu.edu.tw/index.php
0008,公立,一般大學,國立中央大學,03,社會科學、新聞學及圖書資訊,031,社會及行為科學,0319,其他社會及行為科學,03199020,客家語文暨社會科學學系,專任,教授,王保鍵,客家政策、客家政治與經濟、行政學,https://ncu.edu.tw/hakkadepartment/home.jsp
0008,公立,一般大學,國立中央大學,03,社會科學、新聞學及圖書資訊,031,社會及行為科學,0319,其他社會及行為科學,03199020,客家語文暨社會科學學系,專任,教授,石慧瑩,"政治哲學,倫理學,環境倫理學",https://ncu.edu.tw/hakkadepartment/home.jsp
0008,公立,一般大學,國立中央大學,03,社會科學、新聞學及圖書資訊,031,社會及行為科學,0319,其他社會及行為科學,03199020,客家語文暨社會科學學系,專任,教授,周錦宏,"文化產業研究,社區營造,客家研究,第三部門研究",https://ncu.edu.tw/hakkadepartment/home.jsp
0008,公立,一般大學,國立中央大學,03,社會科學、新聞學及圖書資訊,031,社會及行為科學,0319,其他社會及行為科學,03199020,客家語文暨社會科學學系,專任,教授,姜貞吟,新移民研究、性別研究、性別與政治、性別與勞動,https://ncu.edu.tw/hakkadepartment/home.jsp
0008,公立,一般大學,國立中央大學,03,社會科學、新聞學及圖書資訊,031,社會及行為科學,0319,其他社會及行為科學,03199020,客家語文暨社會科學學系,專任,教授,張翰璧,族群與多元文化、性別與客家婦女、族群經濟、東南亞客家研究,https://ncu.edu.tw/hakkadepartment/home.jsp
0008,公立,一般大學,國立中央大學,03,社會科學、新聞學及圖書資訊,031,社會及行為科學,0319,其他社會及行為科學,03199020,客家語文暨社會科學學系,專任,教授,陳秀琪,"聲韻學,漢語方言學,客語音韻",https://ncu.edu.tw/hakkadepartment/home.jsp
0008,公立,一般大學,國立中央大學,03,社會科學、新聞學及圖書資訊,031,社會及行為科學,0319,其他社會及行為科學,03199020,客家語文暨社會科學學系,專任,教授,黃菊芳,"客家文學,古典詩詞,文學理論,GIS及田野調查",https://ncu.edu.tw/hakkadepartment/home.jsp
0008,公立,一般大學,國立中央大學,03,社會科學、新聞學及圖書資訊,031,社會及行為科學,0319,其他社會及行為科學,03199020,客家語文暨社會科學學系,專任,教授,劉小蘭,"公共政策,區域發展,族群空間分析",https://ncu.edu.tw/hakkadepartment/home.jsp
0008,公立,一般大學,國立中央大學,03,社會科學、新聞學及圖書資訊,031,社會及行為科學,0319,其他社會及行為科學,03199020,客家語文暨社會科學學系,專任,教授,蔡芬芳,族群研究、族群關係、認同研究、性別與族群研究,https://ncu.edu.tw/hakkadepartment/home.jsp
0008,公立,一般大學,國立中央大學,03,社會科學、新聞學及圖書資訊,031,社會及行為科學,0319,其他社會及行為科學,03199020,客家語文暨社會科學學系,專任,副教授,鄭曉峯,"漢語方言學,歷史語言學,閩語,客家話",https://ncu.edu.tw/hakkadepartment/home.jsp
0008,公立,一般大學,國立中央大學,03,社會科學、新聞學及圖書資訊,031,社會及行為科學,0319,其他社會及行為科學,03199020,客家語文暨社會科學學系,專任,副教授,賴守誠,飲食社會文化研究、食物與農業社會學、客家飲食文化與客庄農食系統,https://ncu.edu.tw/hakkadepartment/home.jsp
0008,公立,一般大學,國立中央大學,03,社會科學、新聞學及圖書資訊,031,社會及行為科學,0319,其他社會及行為科學,03199020,客家語文暨社會科學學系,專任,助理教授,黃雯君,客語語法、客語教學、歷史語言學,https://ncu.edu.tw/hakkadepartment/home.jsp
0008,公立,一般大學,國立中央大學,03,社會科學、新聞學及圖書資訊,031,社會及行為科學,0319,其他社會及行為科學,03199020,客家語文暨社會科學學系,專任,助理教授,賴維凱,客家方言比較研究、客家民間文學研究、客語與少數民族語言關係研究,https://ncu.edu.tw/hakkadepartment/home.jsp
0008,公立,一般大學,國立中央大學,03,社會科學、新聞學及圖書資訊,031,社會及行為科學,0319,其他社會及行為科學,03199020,客家語文暨社會科學學系,兼任,教授,江敏華,漢語音韻學、漢語方言學、客語音韻、客語語法、歷史語言學,https://ncu.edu.tw/hakkadepartment/home.jsp
0008,公立,一般大學,國立中央大學,03,社會科學、新聞學及圖書資訊,031,社會及行為科學,0319,其他社會及行為科學,03199020,客家語文暨社會科學學系,兼任,教授,陳定銘,客家事務管理專題、客家文化與公民社會、客家社會企業與社會網絡分析,https://ncu.edu.tw/hakkadepartment/home.jsp
0008,公立,一般大學,國立中央大學,03,社會科學、新聞學及圖書資訊,031,社會及行為科學,0319,其他社會及行為科學,03199020,客家語文暨社會科學學系,兼任,教授,鄭榮興,民俗音樂、北管音樂、亂彈戲曲、客家八音、採茶戲,https://ncu.edu.tw/hakkadepartment/home.jsp
0008,公立,一般大學,國立中央大學,03,社會科學、新聞學及圖書資訊,031,社會及行為科學,0319,其他社會及行為科學,03199020,客家語文暨社會科學學系,兼任,教授,羅肇錦,"上古漢語,漢語音韻,客語詞彙音韻特徵,客畬關係,客家文化",https://ncu.edu.tw/hakkadepartment/home.jsp
0008,公立,一般大學,國立中央大學,03,社會科學、新聞學及圖書資訊,031,社會及行為科學,0319,其他社會及行為科學,03199020,客家語文暨社會科學學系,兼任,副教授,彭欽清,客語口譯與實務、客家專題研究、客家語言與文化、客語辭典編撰、客語教科書,https://ncu.edu.tw/hakkadepartment/home.jsp
0008,公立,一般大學,國立中央大學,03,社會科學、新聞學及圖書資訊,031,社會及行為科學,0319,其他社會及行為科學,03199020,客家語文暨社會科學學系,兼任,副教授,曾建元,公共政策、行政管理,https://ncu.edu.tw/hakkadepartment/home.jsp
0008,公立,一般大學,國立中央大學,03,社會科學、新聞學及圖書資訊,031,社會及行為科學,0319,其他社會及行為科學,03199020,客家語文暨社會科學學系,兼任,副教授,劉醇鑫,"客家語言,語文教材教法,漢文典籍之客語音讀,儒學史",https://ncu.edu.tw/hakkadepartment/home.jsp
0008,公立,一般大學,國立中央大學,03,社會科學、新聞學及圖書資訊,031,社會及行為科學,0319,其他社會及行為科學,03199020,客家語文暨社會科學學系,兼任,副教授,賴文英,語法學、音韻學、詞彙學、客語、漢語方言、社會語言學,https://ncu.edu.tw/hakkadepartment/home.jsp
0008,公立,一般大學,國立中央大學,03,社會科學、新聞學及圖書資訊,031,社會及行為科學,0319,其他社會及行為科學,03199020,客家語文暨社會科學學系,兼任,助理教授,徐貴榮,客語音韻學、客語詞彙學、客家文學、台灣地理語言學、語言與文化,https://ncu.edu.tw/hakkadepartment/home.jsp
0008,公立,一般大學,國立中央大學,03,社會科學、新聞學及圖書資訊,031,社會及行為科學,0319,其他社會及行為科學,03199020,客家語文暨社會科學學系,兼任,講師,邱一帆,客語教學教材教法、客家文學,https://ncu.edu.tw/hakkadepartment/home.jsp
0008,公立,一般大學,國立中央大學,03,社會科學、新聞學及圖書資訊,031,社會及行為科學,0319,其他社會及行為科學,03199020,客家語文暨社會科學學系,兼任,講師,黃文珊,影像紀錄製作、視覺設計與視覺傳達、公共關係、數位行銷與管理,https://ncu.edu.tw/hakkadepartment/home.jsp
0008,公立,一般大學,國立中央大學,04,商業、管理及法律,041,商業及管理,0411,會計及稅務,04111022,會計研究所,專任,教授,王曉雯,財務會計、管理會計,https://acc.mgt.ncu.edu.tw/zh-TW
0008,公立,一般大學,國立中央大學,04,商業、管理及法律,041,商業及管理,0411,會計及稅務,04111022,會計研究所,專任,教授,蔡富安,"遙感探測,三維空間分析,電腦視算,數位城市",https://acc.mgt.ncu.edu.tw/zh-TW
0008,公立,一般大學,國立中央大學,04,商業、管理及法律,041,商業及管理,0411,會計及稅務,04111022,會計研究所,專任,副教授,黃智遠,"分散式地理訊系統,地理空間資訊基礎建設,地理資訊網路",https://acc.mgt.ncu.edu.tw/zh-TW
0008,公立,一般大學,國立中央大學,04,商業、管理及法律,041,商業及管理,0411,會計及稅務,04111022,會計研究所,專任,副教授,劉乃熒,財務會計、成本會計、管理控制系統,https://acc.mgt.ncu.edu.tw/zh-TW
0008,公立,一般大學,國立中央大學,04,商業、管理及法律,041,商業及管理,0411,會計及稅務,04111022,會計研究所,專任,副教授,盧佳琪,財務會計、審計,https://acc.mgt.ncu.edu.tw/zh-TW
0008,公立,一般大學,國立中央大學,04,商業、管理及法律,041,商業及管理,0411,會計及稅務,04111022,會計研究所,專任,副教授,顏如君,財務會計、財務報導、文字探勘、會計資訊系統,https://acc.mgt.ncu.edu.tw/zh-TW
0008,公立,一般大學,國立中央大學,04,商業、管理及法律,041,商業及管理,0411,會計及稅務,04111022,會計研究所,專任,助理教授,陳建中,財務會計、管理會計、審計、會計倫理與永續發展,https://acc.mgt.ncu.edu.tw/zh-TW
0008,公立,一般大學,國立中央大學,04,商業、管理及法律,041,商業及管理,0411,會計及稅務,04111022,會計研究所,兼任,副教授,陳美純,資訊管理、知識管理、智慧資本評估、雲端應用服務、顧客關係管理、企業e化,https://acc.mgt.ncu.edu.tw/zh-TW
0008,公立,一般大學,國立中央大學,04,商業、管理及法律,041,商業及管理,0412,金融、銀行業及保險,04121024,財務金融學系,專任,教授,張傳章,期貨與選擇權、財務工程、國際財管,http://fm.mgt.ncu.edu.tw/index/main.php
0008,公立,一般大學,國立中央大學,04,商業、管理及法律,041,商業及管理,0412,金融、銀行業及保險,04121024,財務金融學系,專任,教授,王志瑋,1. Financial Risk Contagion,http://fm.mgt.ncu.edu.tw/index/main.php
0008,公立,一般大學,國立中央大學,04,商業、管理及法律,041,商業及管理,0412,金融、銀行業及保險,04121024,財務金融學系,專任,教授,吳庭斌,財務工程、衍生性金融商品,http://fm.mgt.ncu.edu.tw/index/main.php
0008,公立,一般大學,國立中央大學,04,商業、管理及法律,041,商業及管理,0412,金融、銀行業及保險,04121024,財務金融學系,專任,教授,李韋憲,公司理財、合併與收購,http://fm.mgt.ncu.edu.tw/index/main.php
0008,公立,一般大學,國立中央大學,04,商業、管理及法律,041,商業及管理,0412,金融、銀行業及保險,04121024,財務金融學系,專任,教授,林基財,公司理財、財務管理,http://fm.mgt.ncu.edu.tw/index/main.php
0008,公立,一般大學,國立中央大學,04,商業、管理及法律,041,商業及管理,0412,金融、銀行業及保險,04121024,財務金融學系,專任,教授,高櫻芬,財務計量、時間序列分析、外匯市場,http://fm.mgt.ncu.edu.tw/index/main.php
0008,公立,一般大學,國立中央大學,04,商業、管理及法律,041,商業及管理,0412,金融、銀行業及保險,04121024,財務金融學系,專任,教授,黃泓人,衍生性商品定價、租賃融資、財務經濟,http://fm.mgt.ncu.edu.tw/index/main.php
0008,公立,一般大學,國立中央大學,04,商業、管理及法律,041,商業及管理,0412,金融、銀行業及保險,04121024,財務金融學系,專任,教授,黃瑞卿,資本市場、風險理論、資訊不對稱、行為保險,http://fm.mgt.ncu.edu.tw/index/main.php
0008,公立,一般大學,國立中央大學,04,商業、管理及法律,041,商業及管理,0412,金融、銀行業及保險,04121024,財務金融學系,專任,教授,葉錦徽,經濟與財務計量方法、時間序列分析,http://fm.mgt.ncu.edu.tw/index/main.php
0008,公立,一般大學,國立中央大學,04,商業、管理及法律,041,商業及管理,0412,金融、銀行業及保險,04121024,財務金融學系,專任,教授,韓保中,"公共行政理論,美國行政發展史,當代政治思潮,國際關係",http://fm.mgt.ncu.edu.tw/index/main.php
0008,公立,一般大學,國立中央大學,04,商業、管理及法律,041,商業及管理,0412,金融、銀行業及保險,04121024,財務金融學系,專任,副教授,彭淑卿,CSR、財務分析,http://fm.mgt.ncu.edu.tw/index/main.php
0008,公立,一般大學,國立中央大學,04,商業、管理及法律,041,商業及管理,0412,金融、銀行業及保險,04121024,財務金融學系,專任,副教授,賴弘能,市場微結構、財務管理、投資學,http://fm.mgt.ncu.edu.tw/index/main.php
0008,公立,一般大學,國立中央大學,04,商業、管理及法律,041,商業及管理,0412,金融、銀行業及保險,04121024,財務金融學系,專任,助理教授,康珮,中國古典小說、中國思想,http://fm.mgt.ncu.edu.tw/index/main.php
0008,公立,一般大學,國立中央大學,04,商業、管理及法律,041,商業及管理,0412,金融、銀行業及保險,04121024,財務金融學系,兼任,教授,周賓凰,計量經濟、投資學、行為財務學,http://fm.mgt.ncu.edu.tw/index/main.php
0008,公立,一般大學,國立中央大學,04,商業、管理及法律,041,商業及管理,0412,金融、銀行業及保險,04121024,財務金融學系,兼任,教授,陳錦村,財務風險管理,http://fm.mgt.ncu.edu.tw/index/main.php
0008,公立,一般大學,國立中央大學,04,商業、管理及法律,041,商業及管理,0412,金融、銀行業及保險,04121024,財務金融學系,兼任,副教授,朱珊瑩,統計學,http://fm.mgt.ncu.edu.tw/index/main.php
0008,公立,一般大學,國立中央大學,04,商業、管理及法律,041,商業及管理,0412,金融、銀行業及保險,04121024,財務金融學系,兼任,副教授,李小梅,Marketing,http://fm.mgt.ncu.edu.tw/index/main.php
0008,公立,一般大學,國立中央大學,04,商業、管理及法律,041,商業及管理,0412,金融、銀行業及保險,04121024,財務金融學系,兼任,副教授,嚴柏宇,股權分析,http://fm.mgt.ncu.edu.tw/index/main.php
0008,公立,一般大學,國立中央大學,04,商業、管理及法律,041,商業及管理,0412,金融、銀行業及保險,04121024,財務金融學系,兼任,講師,石世賢,高等會計、審計,http://fm.mgt.ncu.edu.tw/index/main.php
0008,公立,一般大學,國立中央大學,04,商業、管理及法律,041,商業及管理,0412,金融、銀行業及保險,04121024,財務金融學系,兼任,講師,張冠逸,python,http://fm.mgt.ncu.edu.tw/index/main.php
0008,公立,一般大學,國立中央大學,04,商業、管理及法律,041,商業及管理,0412,金融、銀行業及保險,04121024,財務金融學系,兼任,講師,魯志遠,民法、商事法,http://fm.mgt.ncu.edu.tw/index/main.php
0008,公立,一般大學,國立中央大學,04,商業、管理及法律,041,商業及管理,0412,金融、銀行業及保險,04121024,財務金融學系,兼任,講師,謝明仁,稅法、證券交易法、企業及資產評價,http://fm.mgt.ncu.edu.tw/index/main.php
0008,公立,一般大學,國立中央大學,04,商業、管理及法律,041,商業及管理,0413,管理及行政,04131023,企業管理學系,專任,教授,鄭明松,Channels of Distribution,https://ba.mgt.ncu.edu.tw/
0008,公立,一般大學,國立中央大學,04,商業、管理及法律,041,商業及管理,0413,管理及行政,04131023,企業管理學系,專任,教授,沈建文,Decision Science,https://ba.mgt.ncu.edu.tw/
0008,公立,一般大學,國立中央大學,04,商業、管理及法律,041,商業及管理,0413,管理及行政,04131023,企業管理學系,專任,教授,林沛練,"邊界層氣象,中尺度氣象學",https://ba.mgt.ncu.edu.tw/
0008,公立,一般大學,國立中央大學,04,商業、管理及法律,041,商業及管理,0413,管理及行政,04131023,企業管理學系,專任,教授,林建煌,Marketing Management,https://ba.mgt.ncu.edu.tw/
0008,公立,一般大學,國立中央大學,04,商業、管理及法律,041,商業及管理,0413,管理及行政,04131023,企業管理學系,專任,教授,洪秀婉,Technology Management,https://ba.mgt.ncu.edu.tw/
0008,公立,一般大學,國立中央大學,04,商業、管理及法律,041,商業及管理,0413,管理及行政,04131023,企業管理學系,專任,教授,張東生,Technology and Operations,https://ba.mgt.ncu.edu.tw/
0008,公立,一般大學,國立中央大學,04,商業、管理及法律,041,商業及管理,0413,管理及行政,04131023,企業管理學系,專任,教授,曹壽民,Financial accounting,https://ba.mgt.ncu.edu.tw/
0008,公立,一般大學,國立中央大學,04,商業、管理及法律,041,商業及管理,0413,管理及行政,04131023,企業管理學系,專任,教授,許秉瑜,Information Management,https://ba.mgt.ncu.edu.tw/
0008,公立,一般大學,國立中央大學,04,商業、管理及法律,041,商業及管理,0413,管理及行政,04131023,企業管理學系,專任,教授,陳春希,Organizational Behavior,https://ba.mgt.ncu.edu.tw/
0008,公立,一般大學,國立中央大學,04,商業、管理及法律,041,商業及管理,0413,管理及行政,04131023,企業管理學系,專任,教授,劉說安,"大氣科學(微波遙測),GPS氣象,電機工程(電波)",https://ba.mgt.ncu.edu.tw/
0008,公立,一般大學,國立中央大學,04,商業、管理及法律,041,商業及管理,0413,管理及行政,04131023,企業管理學系,專任,教授,蔡文賢,Activity-Based Costing,https://ba.mgt.ncu.edu.tw/
0008,公立,一般大學,國立中央大學,04,商業、管理及法律,041,商業及管理,0413,管理及行政,04131023,企業管理學系,專任,副教授,呂俊德,Logistics Management,https://ba.mgt.ncu.edu.tw/
0008,公立,一般大學,國立中央大學,04,商業、管理及法律,041,商業及管理,0413,管理及行政,04131023,企業管理學系,專任,副教授,李憶萱,Human Resource,https://ba.mgt.ncu.edu.tw/
0008,公立,一般大學,國立中央大學,04,商業、管理及法律,041,商業及管理,0413,管理及行政,04131023,企業管理學系,專任,副教授,姜壽浩,"空間模式,自然地理,坡地水文,崩塌模式",https://ba.mgt.ncu.edu.tw/
0008,公立,一般大學,國立中央大學,04,商業、管理及法律,041,商業及管理,0413,管理及行政,04131023,企業管理學系,專任,副教授,陳永儀,壓力管理、健康心理學、社會心理學、犯罪心理學,https://ba.mgt.ncu.edu.tw/
0008,公立,一般大學,國立中央大學,04,商業、管理及法律,041,商業及管理,0413,管理及行政,04131023,企業管理學系,專任,副教授,黃依潔,風險管理、保險經濟、財務經濟,https://ba.mgt.ncu.edu.tw/
0008,公立,一般大學,國立中央大學,04,商業、管理及法律,041,商業及管理,0413,管理及行政,04131023,企業管理學系,專任,副教授,黃承祖,分析師行為、盈餘管理、財務會計、財務管理,https://ba.mgt.ncu.edu.tw/
0008,公立,一般大學,國立中央大學,04,商業、管理及法律,041,商業及管理,0413,管理及行政,04131023,企業管理學系,專任,副教授,蕭義棋,International Business Studies,https://ba.mgt.ncu.edu.tw/
0008,公立,一般大學,國立中央大學,04,商業、管理及法律,041,商業及管理,0413,管理及行政,04131023,企業管理學系,專任,助理教授,何䓝涵,組織理論與管理、研究方法論、策略管理、行銷管理、非營利管理、社會企業,https://ba.mgt.ncu.edu.tw/
0008,公立,一般大學,國立中央大學,04,商業、管理及法律,041,商業及管理,0413,管理及行政,04131023,企業管理學系,專任,助理教授,陳炫碩,Management of Innovation,https://ba.mgt.ncu.edu.tw/
0008,公立,一般大學,國立中央大學,04,商業、管理及法律,041,商業及管理,0413,管理及行政,04131023,企業管理學系,專任,助理教授,鄒承廷,社會技術變遷、國際化策略、策略管理、創新/科技管理、管理實務、永續轉型,https://ba.mgt.ncu.edu.tw/
0008,公立,一般大學,國立中央大學,04,商業、管理及法律,041,商業及管理,0413,管理及行政,04131023,企業管理學系,兼任,教授,洪榮華,Corporate Finance,https://ba.mgt.ncu.edu.tw/
0008,公立,一般大學,國立中央大學,04,商業、管理及法律,041,商業及管理,0413,管理及行政,04131023,企業管理學系,兼任,教授,馬堅勇,合金設計、真空冶金、破壞模式分析、顯微結構控制,https://ba.mgt.ncu.edu.tw/
0008,公立,一般大學,國立中央大學,04,商業、管理及法律,041,商業及管理,0413,管理及行政,04131023,企業管理學系,兼任,教授,許智超,公共衛生 醫務管理,https://ba.mgt.ncu.edu.tw/
0008,公立,一般大學,國立中央大學,04,商業、管理及法律,041,商業及管理,0413,管理及行政,04131023,企業管理學系,兼任,教授,楊志豪,企業資源規劃、會計資訊系統、電腦審計,https://ba.mgt.ncu.edu.tw/
0008,公立,一般大學,國立中央大學,04,商業、管理及法律,041,商業及管理,0413,管理及行政,04131023,企業管理學系,兼任,副教授,彭小萍,科技與產業組織、產業經濟學、經濟思想史,https://ba.mgt.ncu.edu.tw/
0008,公立,一般大學,國立中央大學,04,商業、管理及法律,041,商業及管理,0413,管理及行政,04131023,企業管理學系,兼任,助理教授,邱天一,商事法、民法,https://ba.mgt.ncu.edu.tw/
0008,公立,一般大學,國立中央大學,04,商業、管理及法律,041,商業及管理,0413,管理及行政,04131023,企業管理學系,兼任,助理教授,張瑞珠,ERP Implementation,https://ba.mgt.ncu.edu.tw/
0008,公立,一般大學,國立中央大學,04,商業、管理及法律,041,商業及管理,0413,管理及行政,04131023,企業管理學系,兼任,助理教授,張誠,資訊管理,https://ba.mgt.ncu.edu.tw/
0008,公立,一般大學,國立中央大學,04,商業、管理及法律,041,商業及管理,0413,管理及行政,04131023,企業管理學系,兼任,助理教授,劉書銘,資料科學，TRIZ,https://ba.mgt.ncu.edu.tw/
0008,公立,一般大學,國立中央大學,04,商業、管理及法律,041,商業及管理,0413,管理及行政,04131023,企業管理學系,兼任,助理教授,賴昭榮,大數據分析、自然語言處理、機器學習、大型語言模型,https://ba.mgt.ncu.edu.tw/
0008,公立,一般大學,國立中央大學,04,商業、管理及法律,041,商業及管理,0413,管理及行政,04131023,企業管理學系,兼任,講師,王志傑,"Civil Law,Patent Law",https://ba.mgt.ncu.edu.tw/
0008,公立,一般大學,國立中央大學,04,商業、管理及法律,041,商業及管理,0413,管理及行政,04131081,國際經營管理碩士學位學程,專任,教授,何柏欣,公司理財、行為財務,https://www.mgt.ncu.edu.tw/zh-TW
0008,公立,一般大學,國立中央大學,04,商業、管理及法律,041,商業及管理,0413,管理及行政,04131081,國際經營管理碩士學位學程,專任,副教授,蔡栢昇,產業經濟學、個體經濟學,https://www.mgt.ncu.edu.tw/zh-TW
0008,公立,一般大學,國立中央大學,04,商業、管理及法律,041,商業及管理,0419,其他商業及管理,04199027,人力資源管理研究所,專任,教授,王群孝,Human Resource Management,http://hr.mgt.ncu.edu.tw/index
0008,公立,一般大學,國立中央大學,04,商業、管理及法律,041,商業及管理,0419,其他商業及管理,04199027,人力資源管理研究所,專任,教授,房美玉,Human Resource Management,http://hr.mgt.ncu.edu.tw/index
0008,公立,一般大學,國立中央大學,04,商業、管理及法律,041,商業及管理,0419,其他商業及管理,04199027,人力資源管理研究所,專任,教授,張中白,"構造地質學,地體動力學,地質資料處理,地質遙測學",http://hr.mgt.ncu.edu.tw/index
0008,公立,一般大學,國立中央大學,04,商業、管理及法律,041,商業及管理,0419,其他商業及管理,04199027,人力資源管理研究所,專任,教授,陳明園,Organizational Economics,http://hr.mgt.ncu.edu.tw/index
0008,公立,一般大學,國立中央大學,04,商業、管理及法律,041,商業及管理,0419,其他商業及管理,04199027,人力資源管理研究所,專任,副教授,杜可婷,Human Resource Management,http://hr.mgt.ncu.edu.tw/index
0008,公立,一般大學,國立中央大學,04,商業、管理及法律,041,商業及管理,0419,其他商業及管理,04199027,人力資源管理研究所,專任,副教授,連婉茜,Human Resource Management,http://hr.mgt.ncu.edu.tw/index
0008,公立,一般大學,國立中央大學,04,商業、管理及法律,041,商業及管理,0419,其他商業及管理,04199027,人力資源管理研究所,專任,副教授,鄭芳祥,古典散文、宋代文學,http://hr.mgt.ncu.edu.tw/index
0008,公立,一般大學,國立中央大學,04,商業、管理及法律,041,商業及管理,0419,其他商業及管理,04199027,人力資源管理研究所,兼任,教授,劉必榮,國際政治、國際衝突、談判理論,http://hr.mgt.ncu.edu.tw/index
0008,公立,一般大學,國立中央大學,04,商業、管理及法律,041,商業及管理,0419,其他商業及管理,04199027,人力資源管理研究所,兼任,教授,劉念琪,Human Resource Management,http://hr.mgt.ncu.edu.tw/index
0008,公立,一般大學,國立中央大學,04,商業、管理及法律,041,商業及管理,0419,其他商業及管理,04199027,人力資源管理研究所,兼任,教授,鄭晉昌,Human Resource Management,http://hr.mgt.ncu.edu.tw/index
0008,公立,一般大學,國立中央大學,04,商業、管理及法律,041,商業及管理,0419,其他商業及管理,04199027,人力資源管理研究所,兼任,副教授,林文政,Human Resource Management,http://hr.mgt.ncu.edu.tw/index
0008,公立,一般大學,國立中央大學,04,商業、管理及法律,041,商業及管理,0419,其他商業及管理,04199027,人力資源管理研究所,兼任,副教授,楊文芬,人才招募與組織吸引力 ．個人差異與人格特質 ．甄選面談,http://hr.mgt.ncu.edu.tw/index
0008,公立,一般大學,國立中央大學,04,商業、管理及法律,041,商業及管理,0419,其他商業及管理,04199027,人力資源管理研究所,兼任,副教授,潘世偉,團體協約/集體議價、比較勞資關係,http://hr.mgt.ncu.edu.tw/index
0008,公立,一般大學,國立中央大學,04,商業、管理及法律,041,商業及管理,0419,其他商業及管理,04199027,人力資源管理研究所,兼任,助理教授,李秉懿,薪酬管理,http://hr.mgt.ncu.edu.tw/index
0008,公立,一般大學,國立中央大學,04,商業、管理及法律,041,商業及管理,0419,其他商業及管理,04199027,人力資源管理研究所,兼任,助理教授,林俊宏,人力盤點、人力資源資訊系統,http://hr.mgt.ncu.edu.tw/index
0008,公立,一般大學,國立中央大學,04,商業、管理及法律,041,商業及管理,0419,其他商業及管理,04199027,人力資源管理研究所,兼任,助理教授,蔡宏基,績效管理、行動學習,http://hr.mgt.ncu.edu.tw/index
0008,公立,一般大學,國立中央大學,04,商業、管理及法律,042,法律,0421,法律,04211030,法律與政府研究所,專任,教授,李廣均,"社會科學研究方法,法律與差異政治,族群關係,多元文化,醫療社會學",https://www.lawgov.ncu.edu.tw/
0008,公立,一般大學,國立中央大學,04,商業、管理及法律,042,法律,0421,法律,04211030,法律與政府研究所,專任,教授,許雲翔,"公共管理,公共財務與預算,績效管理,協同治理,勞動政策",https://www.lawgov.ncu.edu.tw/
0008,公立,一般大學,國立中央大學,04,商業、管理及法律,042,法律,0421,法律,04211030,法律與政府研究所,專任,教授,陳英鈐,"憲法,行政程序法,行政訴訟法,生物倫理",https://www.lawgov.ncu.edu.tw/
0008,公立,一般大學,國立中央大學,04,商業、管理及法律,042,法律,0421,法律,04211030,法律與政府研究所,專任,教授,黃之棟,公共政策、政策分析、環境治理、科技政策、科技與社會,https://www.lawgov.ncu.edu.tw/
0008,公立,一般大學,國立中央大學,04,商業、管理及法律,042,法律,0421,法律,04211030,法律與政府研究所,專任,教授,楊君仁,"公司法,證券交易法,競爭法,法律社會學",https://www.lawgov.ncu.edu.tw/
0008,公立,一般大學,國立中央大學,04,商業、管理及法律,042,法律,0421,法律,04211030,法律與政府研究所,專任,教授,溫祖德,刑事訴訟法、比較刑事法、財經刑法、刑事法理論與實務,https://www.lawgov.ncu.edu.tw/
0008,公立,一般大學,國立中央大學,04,商業、管理及法律,042,法律,0421,法律,04211030,法律與政府研究所,專任,教授,鍾國允,"憲法,行政法,比較憲法與政府,地方自治",https://www.lawgov.ncu.edu.tw/
0008,公立,一般大學,國立中央大學,04,商業、管理及法律,042,法律,0421,法律,04211030,法律與政府研究所,專任,助理教授,傅寶玉,歷史人類學、地方社會、客家歷史與文化,https://www.lawgov.ncu.edu.tw/
0008,公立,一般大學,國立中央大學,04,商業、管理及法律,042,法律,0421,法律,04211030,法律與政府研究所,兼任,教授,吳玉山,中國大陸研究、俄羅斯及東歐研究、比較社會主義政經轉型,https://www.lawgov.ncu.edu.tw/
0008,公立,一般大學,國立中央大學,04,商業、管理及法律,042,法律,0421,法律,04211030,法律與政府研究所,兼任,教授,吳重禮,"美國政治制度,國際關係,都市政治暨少數政治,比較政治",https://www.lawgov.ncu.edu.tw/
0008,公立,一般大學,國立中央大學,04,商業、管理及法律,042,法律,0421,法律,04211030,法律與政府研究所,兼任,教授,孫煒,"公共行政,公共政策分析,公共組織,非營利組織與管理,人力資源政策與管理",https://www.lawgov.ncu.edu.tw/
0008,公立,一般大學,國立中央大學,04,商業、管理及法律,042,法律,0421,法律,04211030,法律與政府研究所,兼任,教授,徐振雄,"法律學,憲法學,法理學,人權理論,科技法,智慧財產",https://www.lawgov.ncu.edu.tw/
0008,公立,一般大學,國立中央大學,04,商業、管理及法律,042,法律,0421,法律,04211030,法律與政府研究所,兼任,助理教授,郭娟季,民法、民事訴訟法、消費者保護法、網路法、資訊科技研法,https://www.lawgov.ncu.edu.tw/
0008,公立,一般大學,國立中央大學,04,商業、管理及法律,042,法律,0421,法律,04211030,法律與政府研究所,兼任,講師,黃育玲,民法、財產法、身分法、家事法、性別與法律,https://www.lawgov.ncu.edu.tw/
0008,公立,一般大學,國立中央大學,05,自然科學、數學及統計,051,生命科學,0512,生物化學及相關,05121031,生命科學系,專任,教授,王健家,"分子生物學,生物科技,生物化學",https://nculs.in.ncu.edu.tw/index.php/Index/index.html
0008,公立,一般大學,國立中央大學,05,自然科學、數學及統計,051,生命科學,0512,生物化學及相關,05121031,生命科學系,專任,教授,吳少傑,"植物生理學,DNA運算法,植物逆境,生物科技",https://nculs.in.ncu.edu.tw/index.php/Index/index.html
0008,公立,一般大學,國立中央大學,05,自然科學、數學及統計,051,生命科學,0512,生物化學及相關,05121031,生命科學系,專任,教授,高永旭,"訊息傳遞,內分泌學,生理學,脂肪生化",https://nculs.in.ncu.edu.tw/index.php/Index/index.html
0008,公立,一般大學,國立中央大學,05,自然科學、數學及統計,051,生命科學,0512,生物化學及相關,05121031,生命科學系,專任,教授,陳師慶,"基因毒理學,生物技術,微生物應用",https://nculs.in.ncu.edu.tw/index.php/Index/index.html
0008,公立,一般大學,國立中央大學,05,自然科學、數學及統計,051,生命科學,0512,生物化學及相關,05121031,生命科學系,專任,教授,陳盛良,"基因調控,基因表達,內分泌,分子生物學",https://nculs.in.ncu.edu.tw/index.php/Index/index.html
0008,公立,一般大學,國立中央大學,05,自然科學、數學及統計,051,生命科學,0512,生物化學及相關,05121031,生命科學系,專任,教授,葉靖輝,"植物逆境生理學,蛋白質體學,植物組織培養,訊息傳遞",https://nculs.in.ncu.edu.tw/index.php/Index/index.html
0008,公立,一般大學,國立中央大學,05,自然科學、數學及統計,051,生命科學,0512,生物化學及相關,05121031,生命科學系,專任,副教授,許斐婷,腫瘤生物學、腫瘤免疫學、分子影像、診療治療材料及放射生物學,https://nculs.in.ncu.edu.tw/index.php/Index/index.html
0008,公立,一般大學,國立中央大學,05,自然科學、數學及統計,051,生命科學,0512,生物化學及相關,05121031,生命科學系,專任,副教授,粘仲毅,"基因組學(NGS數據分析),分子生物學,發育遺傳",https://nculs.in.ncu.edu.tw/index.php/Index/index.html
0008,公立,一般大學,國立中央大學,05,自然科學、數學及統計,051,生命科學,0512,生物化學及相關,05121031,生命科學系,專任,副教授,黃佳瑜,"神經化學, 神經生理學, 神經解剖學",https://nculs.in.ncu.edu.tw/index.php/Index/index.html
0008,公立,一般大學,國立中央大學,05,自然科學、數學及統計,051,生命科學,0512,生物化學及相關,05121031,生命科學系,專任,副教授,葉淑丹,"演化遺傳學, 演化發育生物學, 演化基因體學, 性擇與求偶行為",https://nculs.in.ncu.edu.tw/index.php/Index/index.html
0008,公立,一般大學,國立中央大學,05,自然科學、數學及統計,051,生命科學,0512,生物化學及相關,05121031,生命科學系,專任,副教授,劉阜果,"生態學,生物地理演化,基因調控",https://nculs.in.ncu.edu.tw/index.php/Index/index.html
0008,公立,一般大學,國立中央大學,05,自然科學、數學及統計,051,生命科學,0512,生物化學及相關,05121031,生命科學系,專任,副教授,羅月霞,"感染與免疫, 奈米粒子免疫毒理分析",https://nculs.in.ncu.edu.tw/index.php/Index/index.html
0008,公立,一般大學,國立中央大學,05,自然科學、數學及統計,051,生命科學,0512,生物化學及相關,05121031,生命科學系,專任,助理教授,吳沛翊,"細胞生物學,癌症生物學,組織學,解剖學",https://nculs.in.ncu.edu.tw/index.php/Index/index.html
0008,公立,一般大學,國立中央大學,05,自然科學、數學及統計,051,生命科學,0512,生物化學及相關,05121031,生命科學系,專任,助理教授,范世榮,"外泌體學,信使RNA調控,mTORC1訊息傳遞之胺基酸感應",https://nculs.in.ncu.edu.tw/index.php/Index/index.html
0008,公立,一般大學,國立中央大學,05,自然科學、數學及統計,051,生命科學,0512,生物化學及相關,05121031,生命科學系,專任,助理教授,陳宗祺,植物與細菌交互作用、多體學、醣科學,https://nculs.in.ncu.edu.tw/index.php/Index/index.html
0008,公立,一般大學,國立中央大學,05,自然科學、數學及統計,051,生命科學,0512,生物化學及相關,05121031,生命科學系,兼任,教授,王陸海,"微生物學,癌症生物學",https://nculs.in.ncu.edu.tw/index.php/Index/index.html
0008,公立,一般大學,國立中央大學,05,自然科學、數學及統計,051,生命科學,0512,生物化學及相關,05121031,生命科學系,兼任,教授,余天心,植物核醣核酸長距離運輸分子機制及遠端開花調控的研究,https://nculs.in.ncu.edu.tw/index.php/Index/index.html
0008,公立,一般大學,國立中央大學,05,自然科學、數學及統計,051,生命科學,0512,生物化學及相關,05121031,生命科學系,兼任,教授,余淑美,"植物訊息傳遞及基因調控, 功能性基因體學",https://nculs.in.ncu.edu.tw/index.php/Index/index.html
0008,公立,一般大學,國立中央大學,05,自然科學、數學及統計,051,生命科學,0512,生物化學及相關,05121031,生命科學系,兼任,教授,李岳倫,癌症生物學,https://nculs.in.ncu.edu.tw/index.php/Index/index.html
0008,公立,一般大學,國立中央大學,05,自然科學、數學及統計,051,生命科學,0512,生物化學及相關,05121031,生命科學系,兼任,教授,林世昌,免疫及微生物學,https://nculs.in.ncu.edu.tw/index.php/Index/index.html
0008,公立,一般大學,國立中央大學,05,自然科學、數學及統計,051,生命科學,0512,生物化學及相關,05121031,生命科學系,兼任,教授,涂世隆,"生物化學,分子生物學,基因體學,植物光生物學及基因調控",https://nculs.in.ncu.edu.tw/index.php/Index/index.html
0008,公立,一般大學,國立中央大學,05,自然科學、數學及統計,051,生命科學,0512,生物化學及相關,05121031,生命科學系,兼任,教授,賀端華,"植物訊息傳導, 逆境生物學, 生質能源有機酵素, 生物化學",https://nculs.in.ncu.edu.tw/index.php/Index/index.html
0008,公立,一般大學,國立中央大學,05,自然科學、數學及統計,051,生命科學,0512,生物化學及相關,05121031,生命科學系,兼任,教授,趙光裕,探究參與花粉管生長及後續受精的胚胎與種子發育基因的功能,https://nculs.in.ncu.edu.tw/index.php/Index/index.html
0008,公立,一般大學,國立中央大學,05,自然科學、數學及統計,051,生命科學,0512,生物化學及相關,05121031,生命科學系,兼任,教授,劉俊揚,心血管與幹細胞應用、肝細胞癌與天然物之細胞生物學,https://nculs.in.ncu.edu.tw/index.php/Index/index.html
0008,公立,一般大學,國立中央大學,05,自然科學、數學及統計,051,生命科學,0512,生物化學及相關,05121031,生命科學系,兼任,教授,謝明勳,植物分子營養與訊息傳導,https://nculs.in.ncu.edu.tw/index.php/Index/index.html
0008,公立,一般大學,國立中央大學,05,自然科學、數學及統計,051,生命科學,0512,生物化學及相關,05121031,生命科學系,兼任,副教授,褚志斌,"癌症生物學,訊號傳遞",https://nculs.in.ncu.edu.tw/index.php/Index/index.html
0008,公立,一般大學,國立中央大學,05,自然科學、數學及統計,051,生命科學,0512,生物化學及相關,05121031,生命科學系,兼任,助理教授,胡智益,"綠色農糧,茶樹種原蒐集,保存與利用",https://nculs.in.ncu.edu.tw/index.php/Index/index.html
0008,公立,一般大學,國立中央大學,05,自然科學、數學及統計,051,生命科學,0512,生物化學及相關,05121031,生命科學系,兼任,助理教授,楊美珠,微生物發酵技術於茶副產物之加值應用,https://nculs.in.ncu.edu.tw/index.php/Index/index.html
0008,公立,一般大學,國立中央大學,05,自然科學、數學及統計,051,生命科學,0512,生物化學及相關,05121031,生命科學系,兼任,助理教授,鄭獻仁,"病毒學,免疫學,毒性測試與替代方法",https://nculs.in.ncu.edu.tw/index.php/Index/index.html
0008,公立,一般大學,國立中央大學,05,自然科學、數學及統計,052,環境,0521,環境科學,05211048,遙測科技碩士學位學程,專任,副教授,任玄,"影像處理,目標偵測,圖形識別",https://www.csrsr.ncu.edu.tw/
0008,公立,一般大學,國立中央大學,05,自然科學、數學及統計,052,環境,0521,環境科學,05211048,遙測科技碩士學位學程,專任,副教授,許伯駿,"衛星海洋學,物理海洋學,海洋遙測,海洋-颱風交互作用",https://www.csrsr.ncu.edu.tw/
0008,公立,一般大學,國立中央大學,05,自然科學、數學及統計,053,物理、化學及地球科學,0531,化學,05311035,化學學系,專任,教授,王家麟,"分析化學,大氣化學",http://www.chem.ncu.edu.tw/main.php
0008,公立,一般大學,國立中央大學,05,自然科學、數學及統計,053,物理、化學及地球科學,0531,化學,05311035,化學學系,專任,教授,吳春桂,"無機化學,導體及半導體化學",http://www.chem.ncu.edu.tw/main.php
0008,公立,一般大學,國立中央大學,05,自然科學、數學及統計,053,物理、化學及地球科學,0531,化學,05311035,化學學系,專任,教授,李文仁,"有機材料,藥物化學",http://www.chem.ncu.edu.tw/main.php
0008,公立,一般大學,國立中央大學,05,自然科學、數學及統計,053,物理、化學及地球科學,0531,化學,05311035,化學學系,專任,教授,林子超,"有機材料,材料化學",http://www.chem.ncu.edu.tw/main.php
0008,公立,一般大學,國立中央大學,05,自然科學、數學及統計,053,物理、化學及地球科學,0531,化學,05311035,化學學系,專任,教授,侯敦仁,"有機化學,不對稱合成",http://www.chem.ncu.edu.tw/main.php
0008,公立,一般大學,國立中央大學,05,自然科學、數學及統計,053,物理、化學及地球科學,0531,化學,05311035,化學學系,專任,教授,姚學麟,"分析化學,電化學,界面化學",http://www.chem.ncu.edu.tw/main.php
0008,公立,一般大學,國立中央大學,05,自然科學、數學及統計,053,物理、化學及地球科學,0531,化學,05311035,化學學系,專任,教授,高憲明,"材料化學,固態核磁共振",http://www.chem.ncu.edu.tw/main.php
0008,公立,一般大學,國立中央大學,05,自然科學、數學及統計,053,物理、化學及地球科學,0531,化學,05311035,化學學系,專任,教授,陳銘洲,"觸媒,高分子,有機材料化學",http://www.chem.ncu.edu.tw/main.php
0008,公立,一般大學,國立中央大學,05,自然科學、數學及統計,053,物理、化學及地球科學,0531,化學,05311035,化學學系,專任,教授,蔡惠旭,"物理化學,計算化學,生物資訊",http://www.chem.ncu.edu.tw/main.php
0008,公立,一般大學,國立中央大學,05,自然科學、數學及統計,053,物理、化學及地球科學,0531,化學,05311035,化學學系,專任,教授,謝發坤,"生物化學,蛋白質結構,藥物設計",http://www.chem.ncu.edu.tw/main.php
0008,公立,一般大學,國立中央大學,05,自然科學、數學及統計,053,物理、化學及地球科學,0531,化學,05311035,化學學系,專任,副教授,李韋宗,無機化學,http://www.chem.ncu.edu.tw/main.php
0008,公立,一般大學,國立中央大學,05,自然科學、數學及統計,053,物理、化學及地球科學,0531,化學,05311035,化學學系,專任,助理教授,吳國暉,無機化學,http://www.chem.ncu.edu.tw/main.php
0008,公立,一般大學,國立中央大學,05,自然科學、數學及統計,053,物理、化學及地球科學,0531,化學,05311035,化學學系,專任,助理教授,杜遠朋,材料化學、異相催化、生物質轉化,http://www.chem.ncu.edu.tw/main.php
0008,公立,一般大學,國立中央大學,05,自然科學、數學及統計,053,物理、化學及地球科學,0531,化學,05311035,化學學系,專任,助理教授,陳家原,有機太陽能電池、電子轉移、分子光電元件、能量轉換與儲存、無機材料化學,http://www.chem.ncu.edu.tw/main.php
0008,公立,一般大學,國立中央大學,05,自然科學、數學及統計,053,物理、化學及地球科學,0531,化學,05311035,化學學系,專任,助理教授,廖康廩,"有機化學,有機光化學",http://www.chem.ncu.edu.tw/main.php
0008,公立,一般大學,國立中央大學,05,自然科學、數學及統計,053,物理、化學及地球科學,0531,化學,05311035,化學學系,專任,助理教授,歐陽長風,大氣化學、分析化學、環境分析,http://www.chem.ncu.edu.tw/main.php
0008,公立,一般大學,國立中央大學,05,自然科學、數學及統計,053,物理、化學及地球科學,0531,化學,05311035,化學學系,兼任,教授,李光華,"無機化學,固態化學",http://www.chem.ncu.edu.tw/main.php
0008,公立,一般大學,國立中央大學,05,自然科學、數學及統計,053,物理、化學及地球科學,0531,化學,05311035,化學學系,兼任,教授,孫世勝,分子辨識與化學感應、奈米級超分子自組裝系統、太陽能電池材料,http://www.chem.ncu.edu.tw/main.php
0008,公立,一般大學,國立中央大學,05,自然科學、數學及統計,053,物理、化學及地球科學,0531,化學,05311035,化學學系,兼任,教授,張伯琛,"物理化學,分子光譜學",http://www.chem.ncu.edu.tw/main.php
0008,公立,一般大學,國立中央大學,05,自然科學、數學及統計,053,物理、化學及地球科學,0531,化學,05311035,化學學系,兼任,教授,華特佛格,"表面科學,材料化學",http://www.chem.ncu.edu.tw/main.php
0008,公立,一般大學,國立中央大學,05,自然科學、數學及統計,053,物理、化學及地球科學,0531,化學,05311035,化學學系,兼任,教授,諸柏仁,"物理化學,高分子化學",http://www.chem.ncu.edu.tw/main.php
0008,公立,一般大學,國立中央大學,05,自然科學、數學及統計,053,物理、化學及地球科學,0531,化學,05311035,化學學系,兼任,助理教授,江建宏,有機導電高分子、有機太陽能電池,http://www.chem.ncu.edu.tw/main.php
0008,公立,一般大學,國立中央大學,05,自然科學、數學及統計,053,物理、化學及地球科學,0532,地球科學,05321036,地球科學學系,專任,教授,佐竹健治,海嘯預警、海嘯資料分析、古地震分析,https://www.gep.ncu.edu.tw/
0008,公立,一般大學,國立中央大學,05,自然科學、數學及統計,053,物理、化學及地球科學,0532,地球科學,05321036,地球科學學系,專任,教授,林殿順,"沈積學,地層學,地體動力學,石油地質 地下地質學",https://www.gep.ncu.edu.tw/
0008,公立,一般大學,國立中央大學,05,自然科學、數學及統計,053,物理、化學及地球科學,0532,地球科學,05321036,地球科學學系,專任,教授,林靜怡,"海洋地球物理學,地震學,地震層析理論",https://www.gep.ncu.edu.tw/
0008,公立,一般大學,國立中央大學,05,自然科學、數學及統計,053,物理、化學及地球科學,0532,地球科學,05321036,地球科學學系,專任,教授,柯士達,火山地震、構造地理、時序分析,https://www.gep.ncu.edu.tw/
0008,公立,一般大學,國立中央大學,05,自然科學、數學及統計,053,物理、化學及地球科學,0532,地球科學,05321036,地球科學學系,專任,教授,張竝瑜,地質工程、透地雷達、水文地質、電磁地球物理探勘,https://www.gep.ncu.edu.tw/
0008,公立,一般大學,國立中央大學,05,自然科學、數學及統計,053,物理、化學及地球科學,0532,地球科學,05321036,地球科學學系,專任,教授,許樹坤,"地球物理學,海洋科學",https://www.gep.ncu.edu.tw/
0008,公立,一般大學,國立中央大學,05,自然科學、數學及統計,053,物理、化學及地球科學,0532,地球科學,05321036,地球科學學系,專任,教授,郭力維,黏土礦物學、岩石力學、構造物理學,https://www.gep.ncu.edu.tw/
0008,公立,一般大學,國立中央大學,05,自然科學、數學及統計,053,物理、化學及地球科學,0532,地球科學,05321036,地球科學學系,專任,教授,陳伯飛,"地震學,地球物理學",https://www.gep.ncu.edu.tw/
0008,公立,一般大學,國立中央大學,05,自然科學、數學及統計,053,物理、化學及地球科學,0532,地球科學,05321036,地球科學學系,專任,教授,陳建志,"地電測勘學,電磁波測勘學,非線性物理",https://www.gep.ncu.edu.tw/
0008,公立,一般大學,國立中央大學,05,自然科學、數學及統計,053,物理、化學及地球科學,0532,地球科學,05321036,地球科學學系,專任,教授,顏宏元,"重力測勘學,磁力測勘學",https://www.gep.ncu.edu.tw/
0008,公立,一般大學,國立中央大學,05,自然科學、數學及統計,053,物理、化學及地球科學,0532,地球科學,05321036,地球科學學系,專任,副教授,林彥宇,地震學、震源物理,https://www.gep.ncu.edu.tw/
0008,公立,一般大學,國立中央大學,05,自然科學、數學及統計,053,物理、化學及地球科學,0532,地球科學,05321036,地球科學學系,專任,副教授,張午龍,"地殼變動,活動構造模擬,地震災害分析",https://www.gep.ncu.edu.tw/
0008,公立,一般大學,國立中央大學,05,自然科學、數學及統計,053,物理、化學及地球科學,0532,地球科學,05321036,地球科學學系,專任,副教授,郭俊翔,地震學、強震地動學、場址效應、地震工程,https://www.gep.ncu.edu.tw/
0008,公立,一般大學,國立中央大學,05,自然科學、數學及統計,053,物理、化學及地球科學,0532,地球科學,05321036,地球科學學系,專任,副教授,陳致同,構造地質學、地質年代學、大地構造、地質學,https://www.gep.ncu.edu.tw/
0008,公立,一般大學,國立中央大學,05,自然科學、數學及統計,053,物理、化學及地球科學,0532,地球科學,05321036,地球科學學系,專任,副教授,葉一慶,海域震測資料處理、海洋地球物理、地體構造及海洋地質災害,https://www.gep.ncu.edu.tw/
0008,公立,一般大學,國立中央大學,05,自然科學、數學及統計,053,物理、化學及地球科學,0532,地球科學,05321036,地球科學學系,專任,副教授,詹忠翰,工程地震學、地震學,https://www.gep.ncu.edu.tw/
0008,公立,一般大學,國立中央大學,05,自然科學、數學及統計,053,物理、化學及地球科學,0532,地球科學,05321036,地球科學學系,專任,助理教授,張文和,地形學、海洋地形學、構造地形學、地貌重建,https://www.gep.ncu.edu.tw/
0008,公立,一般大學,國立中央大學,05,自然科學、數學及統計,053,物理、化學及地球科學,0532,地球科學,05321036,地球科學學系,專任,助理教授,莊佩涓,地球化學、沉積物生物地球化學、早期沉積作用模擬,https://www.gep.ncu.edu.tw/
0008,公立,一般大學,國立中央大學,05,自然科學、數學及統計,053,物理、化學及地球科學,0532,地球科學,05321036,地球科學學系,兼任,教授,王乾盈,"地震學,震波測勘學,震波傳遞",https://www.gep.ncu.edu.tw/
0008,公立,一般大學,國立中央大學,05,自然科學、數學及統計,053,物理、化學及地球科學,0532,地球科學,05321036,地球科學學系,兼任,教授,李建成,"構造地質學,新構造,地體動力學,地形構造學",https://www.gep.ncu.edu.tw/
0008,公立,一般大學,國立中央大學,05,自然科學、數學及統計,053,物理、化學及地球科學,0532,地球科學,05321036,地球科學學系,兼任,教授,施路易,古生物、古海洋、沉積學,https://www.gep.ncu.edu.tw/
0008,公立,一般大學,國立中央大學,05,自然科學、數學及統計,053,物理、化學及地球科學,0532,地球科學,05321036,地球科學學系,兼任,教授,紀文榮,古生物學,https://www.gep.ncu.edu.tw/
0008,公立,一般大學,國立中央大學,05,自然科學、數學及統計,053,物理、化學及地球科學,0532,地球科學,05321036,地球科學學系,兼任,教授,馬國鳳,"地震學,震源力學",https://www.gep.ncu.edu.tw/
0008,公立,一般大學,國立中央大學,05,自然科學、數學及統計,053,物理、化學及地球科學,0532,地球科學,05321036,地球科學學系,兼任,教授,戚務正,"海底地震學,地震震源,構造地球物理學",https://www.gep.ncu.edu.tw/
0008,公立,一般大學,國立中央大學,05,自然科學、數學及統計,053,物理、化學及地球科學,0532,地球科學,05321036,地球科學學系,兼任,教授,陳于高,第四紀地質學、第四紀定年學、穩定同位素地球化學,https://www.gep.ncu.edu.tw/
0008,公立,一般大學,國立中央大學,05,自然科學、數學及統計,053,物理、化學及地球科學,0532,地球科學,05321036,地球科學學系,兼任,教授,陳洲生,"高等地電測勘學,電磁測勘學",https://www.gep.ncu.edu.tw/
0008,公立,一般大學,國立中央大學,05,自然科學、數學及統計,053,物理、化學及地球科學,0532,地球科學,05321036,地球科學學系,兼任,教授,陳浩維,"計算地震學,波動理論研究,電磁測勘 震測資料處理",https://www.gep.ncu.edu.tw/
0008,公立,一般大學,國立中央大學,05,自然科學、數學及統計,053,物理、化學及地球科學,0532,地球科學,05321036,地球科學學系,兼任,教授,鍾孫霖,地球化學,https://www.gep.ncu.edu.tw/
0008,公立,一般大學,國立中央大學,05,自然科學、數學及統計,053,物理、化學及地球科學,0532,地球科學,05321036,地球科學學系,兼任,教授,温國樑,"地震學,強震地動學",https://www.gep.ncu.edu.tw/
0008,公立,一般大學,國立中央大學,05,自然科學、數學及統計,053,物理、化學及地球科學,0532,地球科學,05321036,地球科學學系,兼任,副教授,王士偉,古生物學、海洋生物、地層學與沉積學、海洋生態,https://www.gep.ncu.edu.tw/
0008,公立,一般大學,國立中央大學,05,自然科學、數學及統計,053,物理、化學及地球科學,0532,地球科學,05321036,地球科學學系,兼任,副教授,王國龍,同位素地球化學、火成岩成因學、岩石學,https://www.gep.ncu.edu.tw/
0008,公立,一般大學,國立中央大學,05,自然科學、數學及統計,053,物理、化學及地球科學,0532,地球科學,05321036,地球科學學系,兼任,副教授,呂明達,地球物理探勘,https://www.gep.ncu.edu.tw/
0008,公立,一般大學,國立中央大學,05,自然科學、數學及統計,053,物理、化學及地球科學,0532,地球科學,05321036,地球科學學系,兼任,副教授,林玉儂,合成孔徑雷達影像處理、時間序列分析,https://www.gep.ncu.edu.tw/
0008,公立,一般大學,國立中央大學,05,自然科學、數學及統計,053,物理、化學及地球科學,0532,地球科學,05321036,地球科學學系,兼任,副教授,彭君能,同位素地球化學,https://www.gep.ncu.edu.tw/
0008,公立,一般大學,國立中央大學,05,自然科學、數學及統計,053,物理、化學及地球科學,0532,地球科學,05321036,地球科學學系,兼任,副教授,黃國芳,同位素地球化學、古海洋古氣候學、海洋化學,https://www.gep.ncu.edu.tw/
0008,公立,一般大學,國立中央大學,05,自然科學、數學及統計,053,物理、化學及地球科學,0532,地球科學,05321036,地球科學學系,兼任,副教授,董倫道,地球物理學、地球物理探勘,https://www.gep.ncu.edu.tw/
0008,公立,一般大學,國立中央大學,05,自然科學、數學及統計,053,物理、化學及地球科學,0532,地球科學,05321036,地球科學學系,兼任,副教授,羅立,古海洋學與古氣候學、海洋地質學、微體古生物學,https://www.gep.ncu.edu.tw/
0008,公立,一般大學,國立中央大學,05,自然科學、數學及統計,053,物理、化學及地球科學,0532,地球科學,05321036,地球科學學系,兼任,副教授,譚諤,地球動力學,https://www.gep.ncu.edu.tw/
0008,公立,一般大學,國立中央大學,05,自然科學、數學及統計,053,物理、化學及地球科學,0532,地球科學,05321036,地球科學學系,兼任,助理教授,吳明賢,地球物理探勘,https://www.gep.ncu.edu.tw/
0008,公立,一般大學,國立中央大學,05,自然科學、數學及統計,053,物理、化學及地球科學,0532,地球科學,05321036,地球科學學系,兼任,助理教授,李奕亨,地球物理測勘與資料處理技術應用,https://www.gep.ncu.edu.tw/
0008,公立,一般大學,國立中央大學,05,自然科學、數學及統計,053,物理、化學及地球科學,0532,地球科學,05321036,地球科學學系,兼任,助理教授,陳炳誠,井測於能源與新能源的應用,https://www.gep.ncu.edu.tw/
0008,公立,一般大學,國立中央大學,05,自然科學、數學及統計,053,物理、化學及地球科學,0532,地球科學,05321036,地球科學學系,兼任,助理教授,廖啟雯,地理資訊系統、山崩潛勢分析、空間資料庫及資訊分析,https://www.gep.ncu.edu.tw/
0008,公立,一般大學,國立中央大學,05,自然科學、數學及統計,053,物理、化學及地球科學,0532,地球科學,05321036,地球科學學系,兼任,助理教授,蕭乃祺,地震學,https://www.gep.ncu.edu.tw/
0008,公立,一般大學,國立中央大學,05,自然科學、數學及統計,053,物理、化學及地球科學,0532,地球科學,05321036,地球科學學系,兼任,助理教授,顏銀桐,震源模擬、強地動模擬、地震網系統管理,https://www.gep.ncu.edu.tw/
0008,公立,一般大學,國立中央大學,05,自然科學、數學及統計,053,物理、化學及地球科學,0532,地球科學,05321037,應用地質研究所,專任,教授,倪春發,地下水模擬、序率地下水學、含水層參數反推估,http://www.geo.ncu.edu.tw/
0008,公立,一般大學,國立中央大學,05,自然科學、數學及統計,053,物理、化學及地球科學,0532,地球科學,05321037,應用地質研究所,專任,教授,陳瑞昇,地下水污染傳輸與整治、多物種反應化學傳輸、污染傳輸,http://www.geo.ncu.edu.tw/
0008,公立,一般大學,國立中央大學,05,自然科學、數學及統計,053,物理、化學及地球科學,0532,地球科學,05321037,應用地質研究所,專任,教授,董家鈞,大地工程學、岩石力學、工程地質學、山崩及堰塞湖,http://www.geo.ncu.edu.tw/
0008,公立,一般大學,國立中央大學,05,自然科學、數學及統計,053,物理、化學及地球科學,0532,地球科學,05321037,應用地質研究所,專任,副教授,王士榮,土水耦合力學、地震水文學、地層下陷分析、地下水資源開發與管理,http://www.geo.ncu.edu.tw/
0008,公立,一般大學,國立中央大學,05,自然科學、數學及統計,053,物理、化學及地球科學,0532,地球科學,05321037,應用地質研究所,專任,副教授,波玫琳,活動大地構造暨地震地質、第四紀地質年代學、構造地質學,http://www.geo.ncu.edu.tw/
0008,公立,一般大學,國立中央大學,05,自然科學、數學及統計,053,物理、化學及地球科學,0532,地球科學,05321037,應用地質研究所,專任,副教授,黃文正,"構造力學分析及數值模擬,野外地質調查",http://www.geo.ncu.edu.tw/
0008,公立,一般大學,國立中央大學,05,自然科學、數學及統計,053,物理、化學及地球科學,0532,地球科學,05321037,應用地質研究所,專任,助理教授,盧乙嘉,地熱資源評估、碳酸鹽地球化學、水化學,http://www.geo.ncu.edu.tw/
0008,公立,一般大學,國立中央大學,05,自然科學、數學及統計,053,物理、化學及地球科學,0532,地球科學,05321037,應用地質研究所,專任,86年03月21日前之助教,王玲絲,無,http://www.geo.ncu.edu.tw/
0008,公立,一般大學,國立中央大學,05,自然科學、數學及統計,053,物理、化學及地球科學,0532,地球科學,05321037,應用地質研究所,兼任,教授,朱傚祖,構造地質、岩石學、礦物學,http://www.geo.ncu.edu.tw/
0008,公立,一般大學,國立中央大學,05,自然科學、數學及統計,053,物理、化學及地球科學,0532,地球科學,05321037,應用地質研究所,兼任,教授,黃鎮臺,工程地質、地質防災,http://www.geo.ncu.edu.tw/
0008,公立,一般大學,國立中央大學,05,自然科學、數學及統計,053,物理、化學及地球科學,0532,地球科學,05321037,應用地質研究所,兼任,教授,葉高次,地表地下水文學、環境流體力學、計算水文地質與生物地球化學,http://www.geo.ncu.edu.tw/
0008,公立,一般大學,國立中央大學,05,自然科學、數學及統計,053,物理、化學及地球科學,0532,地球科學,05322044,大氣科學學系,專任,教授,王國英,"大氣化學,大氣環境模擬",http://www.atm.ncu.edu.tw/
0008,公立,一般大學,國立中央大學,05,自然科學、數學及統計,053,物理、化學及地球科學,0532,地球科學,05322044,大氣科學學系,專任,教授,王聖翔,輻射.氣膠與氣候,http://www.atm.ncu.edu.tw/
0008,公立,一般大學,國立中央大學,05,自然科學、數學及統計,053,物理、化學及地球科學,0532,地球科學,05322044,大氣科學學系,專任,教授,余嘉裕,熱帶氣候動力學、大氣海洋交互作用,http://www.atm.ncu.edu.tw/
0008,公立,一般大學,國立中央大學,05,自然科學、數學及統計,053,物理、化學及地球科學,0532,地球科學,05322044,大氣科學學系,專任,教授,林能暉,"大氣化學,大氣污染",http://www.atm.ncu.edu.tw/
0008,公立,一般大學,國立中央大學,05,自然科學、數學及統計,053,物理、化學及地球科學,0532,地球科學,05322044,大氣科學學系,專任,教授,許桂榮,"環境化學,污染物長程輸送,大氣汞循環",http://www.atm.ncu.edu.tw/
0008,公立,一般大學,國立中央大學,05,自然科學、數學及統計,053,物理、化學及地球科學,0532,地球科學,05322044,大氣科學學系,專任,教授,黃清勇,"中尺度及颱風模擬,空氣污染學",http://www.atm.ncu.edu.tw/
0008,公立,一般大學,國立中央大學,05,自然科學、數學及統計,053,物理、化學及地球科學,0532,地球科學,05322044,大氣科學學系,專任,教授,楊舒芝,"資料同化,藕合模式預報",http://www.atm.ncu.edu.tw/
0008,公立,一般大學,國立中央大學,05,自然科學、數學及統計,053,物理、化學及地球科學,0532,地球科學,05322044,大氣科學學系,專任,教授,廖宇慶,"雷達氣象,資料同化",http://www.atm.ncu.edu.tw/
0008,公立,一般大學,國立中央大學,05,自然科學、數學及統計,053,物理、化學及地球科學,0532,地球科學,05322044,大氣科學學系,專任,教授,鄭芳怡,"地表效應,邊界層氣象",http://www.atm.ncu.edu.tw/
0008,公立,一般大學,國立中央大學,05,自然科學、數學及統計,053,物理、化學及地球科學,0532,地球科學,05322044,大氣科學學系,專任,副教授,王儷樵,海洋動力學、大尺度海氣交互作用、多尺度氣候因子交互作用,http://www.atm.ncu.edu.tw/
0008,公立,一般大學,國立中央大學,05,自然科學、數學及統計,053,物理、化學及地球科學,0532,地球科學,05322044,大氣科學學系,專任,副教授,張偉裕,雷達氣象、中尺度氣象,http://www.atm.ncu.edu.tw/
0008,公立,一般大學,國立中央大學,05,自然科學、數學及統計,053,物理、化學及地球科學,0532,地球科學,05322044,大氣科學學系,專任,副教授,鍾高陞,中尺度/雷達氣象領域觀測,http://www.atm.ncu.edu.tw/
0008,公立,一般大學,國立中央大學,05,自然科學、數學及統計,053,物理、化學及地球科學,0532,地球科學,05322044,大氣科學學系,專任,助理教授,方思惟,古氣候變遷、氣候動力、氣候對人類演化的影響,http://www.atm.ncu.edu.tw/
0008,公立,一般大學,國立中央大學,05,自然科學、數學及統計,053,物理、化學及地球科學,0532,地球科學,05322044,大氣科學學系,專任,助理教授,朴春星,氣候變遷、極端氣候、熱帶動力學、陸地大氣海洋交互作用,http://www.atm.ncu.edu.tw/
0008,公立,一般大學,國立中央大學,05,自然科學、數學及統計,053,物理、化學及地球科學,0532,地球科學,05322044,大氣科學學系,兼任,教授,王作臺,"氣候動力學,數值天氣預報",http://www.atm.ncu.edu.tw/
0008,公立,一般大學,國立中央大學,05,自然科學、數學及統計,053,物理、化學及地球科學,0532,地球科學,05322044,大氣科學學系,兼任,教授,朱寶信,氣候變異、自然災害、熱帶氣旋、氣候預報,http://www.atm.ncu.edu.tw/
0008,公立,一般大學,國立中央大學,05,自然科學、數學及統計,053,物理、化學及地球科學,0532,地球科學,05322044,大氣科學學系,兼任,教授,呂國臣,天氣預報與分析、天氣預報決策輔助系統、颱風結構與運動,http://www.atm.ncu.edu.tw/
0008,公立,一般大學,國立中央大學,05,自然科學、數學及統計,053,物理、化學及地球科學,0532,地球科學,05322044,大氣科學學系,兼任,教授,周崇光,氣膠科學與技術,http://www.atm.ncu.edu.tw/
0008,公立,一般大學,國立中央大學,05,自然科學、數學及統計,053,物理、化學及地球科學,0532,地球科學,05322044,大氣科學學系,兼任,教授,林玉郎,山地氣象,http://www.atm.ncu.edu.tw/
0008,公立,一般大學,國立中央大學,05,自然科學、數學及統計,053,物理、化學及地球科學,0532,地球科學,05322044,大氣科學學系,兼任,教授,林松錦,大氣動力學、邊界層氣象,http://www.atm.ncu.edu.tw/
0008,公立,一般大學,國立中央大學,05,自然科學、數學及統計,053,物理、化學及地球科學,0532,地球科學,05322044,大氣科學學系,兼任,教授,林傳堯,"空氣品質,中尺度氣象學",http://www.atm.ncu.edu.tw/
0008,公立,一般大學,國立中央大學,05,自然科學、數學及統計,053,物理、化學及地球科學,0532,地球科學,05322044,大氣科學學系,兼任,教授,俞天佑,雷達,http://www.atm.ncu.edu.tw/
0008,公立,一般大學,國立中央大學,05,自然科學、數學及統計,053,物理、化學及地球科學,0532,地球科學,05322044,大氣科學學系,兼任,教授,張隆男,大氣動力學、天氣學,http://www.atm.ncu.edu.tw/
0008,公立,一般大學,國立中央大學,05,自然科學、數學及統計,053,物理、化學及地球科學,0532,地球科學,05322044,大氣科學學系,兼任,教授,莊漢明,"邊界層氣象,中尺度氣象學",http://www.atm.ncu.edu.tw/
0008,公立,一般大學,國立中央大學,05,自然科學、數學及統計,053,物理、化學及地球科學,0532,地球科學,05322044,大氣科學學系,兼任,教授,許晃雄,大氣科學,http://www.atm.ncu.edu.tw/
0008,公立,一般大學,國立中央大學,05,自然科學、數學及統計,053,物理、化學及地球科學,0532,地球科學,05322044,大氣科學學系,兼任,教授,郭英華,"中尺度氣象模式,GPS模式",http://www.atm.ncu.edu.tw/
0008,公立,一般大學,國立中央大學,05,自然科學、數學及統計,053,物理、化學及地球科學,0532,地球科學,05322044,大氣科學學系,兼任,教授,陳台琦,"雷達氣象,中尺度氣象學",http://www.atm.ncu.edu.tw/
0008,公立,一般大學,國立中央大學,05,自然科學、數學及統計,053,物理、化學及地球科學,0532,地球科學,05322044,大氣科學學系,兼任,教授,陳正平,雲物理學、大氣化學、氣溶膠物理化學,http://www.atm.ncu.edu.tw/
0008,公立,一般大學,國立中央大學,05,自然科學、數學及統計,053,物理、化學及地球科學,0532,地球科學,05322044,大氣科學學系,兼任,教授,陳宇能,"中尺度天氣,天氣分析",http://www.atm.ncu.edu.tw/
0008,公立,一般大學,國立中央大學,05,自然科學、數學及統計,053,物理、化學及地球科學,0532,地球科學,05322044,大氣科學學系,兼任,教授,陳景森,"中尺度氣象學,數值模擬",http://www.atm.ncu.edu.tw/
0008,公立,一般大學,國立中央大學,05,自然科學、數學及統計,053,物理、化學及地球科學,0532,地球科學,05322044,大氣科學學系,兼任,教授,陶為國,雲物理和雲解析模式,http://www.atm.ncu.edu.tw/
0008,公立,一般大學,國立中央大學,05,自然科學、數學及統計,053,物理、化學及地球科學,0532,地球科學,05322044,大氣科學學系,兼任,教授,隋中興,"水文循環,海氣交互作用",http://www.atm.ncu.edu.tw/
0008,公立,一般大學,國立中央大學,05,自然科學、數學及統計,053,物理、化學及地球科學,0532,地球科學,05322044,大氣科學學系,兼任,教授,黃誌川,水文地形作用、集水區水文模擬、營養循環,http://www.atm.ncu.edu.tw/
0008,公立,一般大學,國立中央大學,05,自然科學、數學及統計,053,物理、化學及地球科學,0532,地球科學,05322044,大氣科學學系,兼任,教授,楊明仁,中尺度氣象、大氣模式、天氣動力、對流及降水,http://www.atm.ncu.edu.tw/
0008,公立,一般大學,國立中央大學,05,自然科學、數學及統計,053,物理、化學及地球科學,0532,地球科學,05322044,大氣科學學系,兼任,教授,龍世俊,都會區空氣污染、氣候變遷與健康調適,http://www.atm.ncu.edu.tw/
0008,公立,一般大學,國立中央大學,05,自然科學、數學及統計,053,物理、化學及地球科學,0532,地球科學,05322044,大氣科學學系,兼任,教授,嚴明鉦,"季風氣象,氣候學",http://www.atm.ncu.edu.tw/
0008,公立,一般大學,國立中央大學,05,自然科學、數學及統計,053,物理、化學及地球科學,0532,地球科學,05322044,大氣科學學系,兼任,副教授,王世宇,氣候資料,http://www.atm.ncu.edu.tw/
0008,公立,一般大學,國立中央大學,05,自然科學、數學及統計,053,物理、化學及地球科學,0532,地球科學,05322044,大氣科學學系,兼任,副教授,李永安,"水文循環,海氣交互作用",http://www.atm.ncu.edu.tw/
0008,公立,一般大學,國立中央大學,05,自然科學、數學及統計,053,物理、化學及地球科學,0532,地球科學,05322044,大氣科學學系,兼任,副教授,李時雨,藉由了解地球歷史中的氣候變遷事件增進對於氣候理論以及地球系統的了解,http://www.atm.ncu.edu.tw/
0008,公立,一般大學,國立中央大學,05,自然科學、數學及統計,053,物理、化學及地球科學,0532,地球科學,05322044,大氣科學學系,兼任,副教授,陳淑華,"中尺度氣象及模式模擬,資料同化,地形雨",http://www.atm.ncu.edu.tw/
0008,公立,一般大學,國立中央大學,05,自然科學、數學及統計,053,物理、化學及地球科學,0532,地球科學,05322044,大氣科學學系,兼任,副教授,曾仁佑,天氣學,http://www.atm.ncu.edu.tw/
0008,公立,一般大學,國立中央大學,05,自然科學、數學及統計,053,物理、化學及地球科學,0532,地球科學,05322044,大氣科學學系,兼任,副教授,黃成勇,GNSS掩星觀測,http://www.atm.ncu.edu.tw/
0008,公立,一般大學,國立中央大學,05,自然科學、數學及統計,053,物理、化學及地球科學,0532,地球科學,05322044,大氣科學學系,兼任,副教授,蔡宜君,氣膠–雲–氣候交互作用、氣候變遷影響與地球系統模式,http://www.atm.ncu.edu.tw/
0008,公立,一般大學,國立中央大學,05,自然科學、數學及統計,053,物理、化學及地球科學,0532,地球科學,05322044,大氣科學學系,兼任,助理教授,陳舒雅,"GNSS掩星資料,資料同化,數值天氣模擬",http://www.atm.ncu.edu.tw/
0008,公立,一般大學,國立中央大學,05,自然科學、數學及統計,053,物理、化學及地球科學,0532,地球科學,05322044,大氣科學學系,兼任,助理教授,陳毅軒,大氣輻射、邊界層氣象、氣候模式,http://www.atm.ncu.edu.tw/
0008,公立,一般大學,國立中央大學,05,自然科學、數學及統計,053,物理、化學及地球科學,0532,地球科學,05322044,大氣科學學系,兼任,講師,周哲維,天氣與人工智慧,http://www.atm.ncu.edu.tw/
0008,公立,一般大學,國立中央大學,05,自然科學、數學及統計,053,物理、化學及地球科學,0532,地球科學,05322044,大氣科學學系,兼任,講師,胡盛福,電子、電機,http://www.atm.ncu.edu.tw/
0008,公立,一般大學,國立中央大學,05,自然科學、數學及統計,053,物理、化學及地球科學,0532,地球科學,05322079,太空科學與工程學系,專任,教授,林佳賢,太陽物理,http://www.ss.ncu.edu.tw/
0008,公立,一般大學,國立中央大學,05,自然科學、數學及統計,053,物理、化學及地球科學,0532,地球科學,05322079,太空科學與工程學系,專任,教授,張起維,大氣潮汐、行星波、中氣層、下層恆溫層、大氣-電離層,http://www.ss.ncu.edu.tw/
0008,公立,一般大學,國立中央大學,05,自然科學、數學及統計,053,物理、化學及地球科學,0532,地球科學,05322079,太空科學與工程學系,專任,教授,許志浤,"磁層物理,太空資料分析與模式化",http://www.ss.ncu.edu.tw/
0008,公立,一般大學,國立中央大學,05,自然科學、數學及統計,053,物理、化學及地球科學,0532,地球科學,05322079,太空科學與工程學系,專任,教授,郭政靈,"大氣電學,電漿物理,電離層物理以及平行計算",http://www.ss.ncu.edu.tw/
0008,公立,一般大學,國立中央大學,05,自然科學、數學及統計,053,物理、化學及地球科學,0532,地球科學,05322079,太空科學與工程學系,專任,教授,黃健民,電離層物理、數值模擬、特高頻雷達,http://www.ss.ncu.edu.tw/
0008,公立,一般大學,國立中央大學,05,自然科學、數學及統計,053,物理、化學及地球科學,0532,地球科學,05322079,太空科學與工程學系,專任,教授,楊雅惠,"太陽物理,太空物理,磁層物理",http://www.ss.ncu.edu.tw/
0008,公立,一般大學,國立中央大學,05,自然科學、數學及統計,053,物理、化學及地球科學,0532,地球科學,05322079,太空科學與工程學系,專任,教授,趙吉光,"太空酬載,環境測試,電離層物理",http://www.ss.ncu.edu.tw/
0008,公立,一般大學,國立中央大學,05,自然科學、數學及統計,053,物理、化學及地球科學,0532,地球科學,05322079,太空科學與工程學系,專任,教授,劉正彥,"電離層物理,太空物理,GPS應用,電離層電波探測",http://www.ss.ncu.edu.tw/
0008,公立,一般大學,國立中央大學,05,自然科學、數學及統計,053,物理、化學及地球科學,0532,地球科學,05322079,太空科學與工程學系,專任,教授,潘貞杰,衛星資料解析、太空物理、雷達數值分析,http://www.ss.ncu.edu.tw/
0008,公立,一般大學,國立中央大學,05,自然科學、數學及統計,053,物理、化學及地球科學,0532,地球科學,05322079,太空科學與工程學系,專任,副教授,林映岑,全球定位系統、遙測技術、太空任務設計、光學雷達、高層大氣數值模擬,http://www.ss.ncu.edu.tw/
0008,公立,一般大學,國立中央大學,05,自然科學、數學及統計,053,物理、化學及地球科學,0532,地球科學,05322079,太空科學與工程學系,兼任,教授,王祥宇,天文物理、天文儀器安裝與測試,http://www.ss.ncu.edu.tw/
0008,公立,一般大學,國立中央大學,05,自然科學、數學及統計,053,物理、化學及地球科學,0532,地球科學,05322079,太空科學與工程學系,兼任,教授,王顯達,"遙感探測,太陽物理",http://www.ss.ncu.edu.tw/
0008,公立,一般大學,國立中央大學,05,自然科學、數學及統計,053,物理、化學及地球科學,0532,地球科學,05322079,太空科學與工程學系,兼任,教授,吳仁銘,電通訊理論、高速介面IC設計,http://www.ss.ncu.edu.tw/
0008,公立,一般大學,國立中央大學,05,自然科學、數學及統計,053,物理、化學及地球科學,0532,地球科學,05322079,太空科學與工程學系,兼任,教授,林崇安,太空電漿物理,http://www.ss.ncu.edu.tw/
0008,公立,一般大學,國立中央大學,05,自然科學、數學及統計,053,物理、化學及地球科學,0532,地球科學,05322079,太空科學與工程學系,兼任,教授,趙寄昆,"太空物理,電漿物理",http://www.ss.ncu.edu.tw/
0008,公立,一般大學,國立中央大學,05,自然科學、數學及統計,053,物理、化學及地球科學,0532,地球科學,05322079,太空科學與工程學系,兼任,教授,劉兆漢,"電離層物理,雷達遙測",http://www.ss.ncu.edu.tw/
0008,公立,一般大學,國立中央大學,05,自然科學、數學及統計,053,物理、化學及地球科學,0532,地球科學,05322079,太空科學與工程學系,兼任,教授,蘇信一,"太空物理,天體動力學",http://www.ss.ncu.edu.tw/
0008,公立,一般大學,國立中央大學,05,自然科學、數學及統計,053,物理、化學及地球科學,0532,地球科學,05322079,太空科學與工程學系,兼任,副教授,呂凌霄,太空電漿物理、電腦數值模擬、太陽物理、磁層物理、行星際空間物理、激震波,http://www.ss.ncu.edu.tw/
0008,公立,一般大學,國立中央大學,05,自然科學、數學及統計,053,物理、化學及地球科學,0532,地球科學,05322079,太空科學與工程學系,兼任,副教授,陳明桂,"太空物理,理論物理",http://www.ss.ncu.edu.tw/
0008,公立,一般大學,國立中央大學,05,自然科學、數學及統計,053,物理、化學及地球科學,0532,地球科學,05322079,太空科學與工程學系,兼任,副教授,蔡偉雄,"電離層物理,太空電漿模擬",http://www.ss.ncu.edu.tw/
0008,公立,一般大學,國立中央大學,05,自然科學、數學及統計,053,物理、化學及地球科學,0532,地球科學,05322079,太空科學與工程學系,兼任,副教授,龔瑞鳴,雷達工程、雷達系統設計與實務,http://www.ss.ncu.edu.tw/
0008,公立,一般大學,國立中央大學,05,自然科學、數學及統計,053,物理、化學及地球科學,0532,地球科學,05322079,太空科學與工程學系,兼任,助理教授,李奕德,"電離層電波科學,電離層熱氣層耦合數值模擬,電離層資料同化,太空天氣",http://www.ss.ncu.edu.tw/
0008,公立,一般大學,國立中央大學,05,自然科學、數學及統計,053,物理、化學及地球科學,0532,地球科學,05322079,太空科學與工程學系,兼任,助理教授,周瑞宏,毫米波陣列天線設計、毫米波量測技術、升降頻模組設計、整流天線系統設計,http://www.ss.ncu.edu.tw/
0008,公立,一般大學,國立中央大學,05,自然科學、數學及統計,053,物理、化學及地球科學,0532,地球科學,05322079,太空科學與工程學系,兼任,助理教授,林其彥,電離層資料同化,http://www.ss.ncu.edu.tw/
0008,公立,一般大學,國立中央大學,05,自然科學、數學及統計,053,物理、化學及地球科學,0532,地球科學,05322079,太空科學與工程學系,兼任,助理教授,林致宏,控制應用衛星系統、STK、 MATLAB/SIMULINK應用,http://www.ss.ncu.edu.tw/
0008,公立,一般大學,國立中央大學,05,自然科學、數學及統計,053,物理、化學及地球科學,0532,地球科學,05322079,太空科學與工程學系,兼任,助理教授,高法睿,mathematical modelling,http://www.ss.ncu.edu.tw/
0008,公立,一般大學,國立中央大學,05,自然科學、數學及統計,053,物理、化學及地球科學,0532,地球科學,05322079,太空科學與工程學系,兼任,助理教授,張富淵,"Ionospheric physics, Space physics",http://www.ss.ncu.edu.tw/
0008,公立,一般大學,國立中央大學,05,自然科學、數學及統計,053,物理、化學及地球科學,0532,地球科學,05322079,太空科學與工程學系,兼任,助理教授,蔡華龍,Wireless Communications,http://www.ss.ncu.edu.tw/
0008,公立,一般大學,國立中央大學,05,自然科學、數學及統計,053,物理、化學及地球科學,0532,地球科學,05322079,太空科學與工程學系,兼任,助理教授,蘇清論,雷達遙測大氣，剖風儀雷達系統，電波傳播及八木天線設計,http://www.ss.ncu.edu.tw/
0008,公立,一般大學,國立中央大學,05,自然科學、數學及統計,053,物理、化學及地球科學,0532,地球科學,05323039,水文與海洋科學研究所,專任,教授,吳祚任,"海嘯,土石流數值模擬,颱風湧浪模式計算",https://www.ihos.ncu.edu.tw/
0008,公立,一般大學,國立中央大學,05,自然科學、數學及統計,053,物理、化學及地球科學,0532,地球科學,05323039,水文與海洋科學研究所,專任,教授,李明旭,"水文模式計算,地下水化學",https://www.ihos.ncu.edu.tw/
0008,公立,一般大學,國立中央大學,05,自然科學、數學及統計,053,物理、化學及地球科學,0532,地球科學,05323039,水文與海洋科學研究所,專任,教授,黃志誠,"珊瑚礁水動力學,碎波帶動力學,海洋物理觀測",https://www.ihos.ncu.edu.tw/
0008,公立,一般大學,國立中央大學,05,自然科學、數學及統計,053,物理、化學及地球科學,0532,地球科學,05323039,水文與海洋科學研究所,專任,教授,錢樺,"波浪學,海氣交互作用",https://www.ihos.ncu.edu.tw/
0008,公立,一般大學,國立中央大學,05,自然科學、數學及統計,053,物理、化學及地球科學,0532,地球科學,05323039,水文與海洋科學研究所,專任,副教授,陳沛芫,氣候變遷調適、都會區水文學、暴雨管理,https://www.ihos.ncu.edu.tw/
0008,公立,一般大學,國立中央大學,05,自然科學、數學及統計,053,物理、化學及地球科學,0532,地球科學,05323039,水文與海洋科學研究所,專任,副教授,潘任飛,衛星遙測、衛星測高、颱風海洋交互作用,https://www.ihos.ncu.edu.tw/
0008,公立,一般大學,國立中央大學,05,自然科學、數學及統計,053,物理、化學及地球科學,0532,地球科學,05323039,水文與海洋科學研究所,兼任,教授,何東垣,"海洋生物地球化學,海洋有機地球化學,環境化學",https://www.ihos.ncu.edu.tw/
0008,公立,一般大學,國立中央大學,05,自然科學、數學及統計,053,物理、化學及地球科學,0532,地球科學,05323039,水文與海洋科學研究所,兼任,教授,黃金維,"衛星大地測量,統計平差,衛星海洋",https://www.ihos.ncu.edu.tw/
0008,公立,一般大學,國立中央大學,05,自然科學、數學及統計,053,物理、化學及地球科學,0532,地球科學,05323039,水文與海洋科學研究所,兼任,副教授,陳奕穎,地表過程、陸氣交互作用、環境擾動與氣候變遷,https://www.ihos.ncu.edu.tw/
0008,公立,一般大學,國立中央大學,05,自然科學、數學及統計,053,物理、化學及地球科學,0532,地球科學,05323039,水文與海洋科學研究所,兼任,助理教授,毛正氣,海洋氣象、區域海洋學,https://www.ihos.ncu.edu.tw/
0008,公立,一般大學,國立中央大學,05,自然科學、數學及統計,053,物理、化學及地球科學,0532,地球科學,05323039,水文與海洋科學研究所,兼任,助理教授,張君名,波浪力學、計算流體力學、近岸動力學,https://www.ihos.ncu.edu.tw/
0008,公立,一般大學,國立中央大學,05,自然科學、數學及統計,053,物理、化學及地球科學,0533,物理,05331042,物理學系,專任,教授,田溶根,實驗生物物理學和非平衡物理學,http://www.phy.ncu.edu.tw/
0008,公立,一般大學,國立中央大學,05,自然科學、數學及統計,053,物理、化學及地球科學,0533,物理,05331042,物理學系,專任,教授,白植豪,雷射技術、超快光學、非線性光學、雷射電漿實驗物理,http://www.phy.ncu.edu.tw/
0008,公立,一般大學,國立中央大學,05,自然科學、數學及統計,053,物理、化學及地球科學,0533,物理,05331042,物理學系,專任,教授,伊林,"電漿,薄膜物理與技術,複雜系統",http://www.phy.ncu.edu.tw/
0008,公立,一般大學,國立中央大學,05,自然科學、數學及統計,053,物理、化學及地球科學,0533,物理,05331042,物理學系,專任,教授,朱旭新,"高能雷射,雷射電漿物理,X光雷射",http://www.phy.ncu.edu.tw/
0008,公立,一般大學,國立中央大學,05,自然科學、數學及統計,053,物理、化學及地球科學,0533,物理,05331042,物理學系,專任,教授,林宗泰,高能物理實驗,http://www.phy.ncu.edu.tw/
0008,公立,一般大學,國立中央大學,05,自然科學、數學及統計,053,物理、化學及地球科學,0533,物理,05331042,物理學系,專任,教授,唐毓慧,"理論凝態物理計算,物理奈米尺度電子傳輸理論計算",http://www.phy.ncu.edu.tw/
0008,公立,一般大學,國立中央大學,05,自然科學、數學及統計,053,物理、化學及地球科學,0533,物理,05331042,物理學系,專任,教授,徐翰,計算材料科學/地球及行星內部物質/複雜氧化物,http://www.phy.ncu.edu.tw/
0008,公立,一般大學,國立中央大學,05,自然科學、數學及統計,053,物理、化學及地球科學,0533,物理,05331042,物理學系,專任,教授,郭家銘,高能物理實驗,http://www.phy.ncu.edu.tw/
0008,公立,一般大學,國立中央大學,05,自然科學、數學及統計,053,物理、化學及地球科學,0533,物理,05331042,物理學系,專任,教授,陳仕宏,電漿理論,http://www.phy.ncu.edu.tw/
0008,公立,一般大學,國立中央大學,05,自然科學、數學及統計,053,物理、化學及地球科學,0533,物理,05331042,物理學系,專任,教授,陳永富,低溫物理/固態物理,http://www.phy.ncu.edu.tw/
0008,公立,一般大學,國立中央大學,05,自然科學、數學及統計,053,物理、化學及地球科學,0533,物理,05331042,物理學系,專任,教授,陳江梅,"重力場,宇宙學,弦論",http://www.phy.ncu.edu.tw/
0008,公立,一般大學,國立中央大學,05,自然科學、數學及統計,053,物理、化學及地球科學,0533,物理,05331042,物理學系,專任,教授,陳俞融,原分子光譜學 / 光子物理 / 光子化學 / 天文化學,http://www.phy.ncu.edu.tw/
0008,公立,一般大學,國立中央大學,05,自然科學、數學及統計,053,物理、化學及地球科學,0533,物理,05331042,物理學系,專任,教授,陳宣毅,"理論軟凝態物理,統計物理,生物物理",http://www.phy.ncu.edu.tw/
0008,公立,一般大學,國立中央大學,05,自然科學、數學及統計,053,物理、化學及地球科學,0533,物理,05331042,物理學系,專任,教授,陸大安,實驗表面科學,http://www.phy.ncu.edu.tw/
0008,公立,一般大學,國立中央大學,05,自然科學、數學及統計,053,物理、化學及地球科學,0533,物理,05331042,物理學系,專任,教授,楊仲準,熱電、磁性材料、中子與X光繞射、鋰鈉離子電池、奈米與低維度材料,http://www.phy.ncu.edu.tw/
0008,公立,一般大學,國立中央大學,05,自然科學、數學及統計,053,物理、化學及地球科學,0533,物理,05331042,物理學系,專任,教授,廖文德,理論量子光學/X-ray 量子光學,http://www.phy.ncu.edu.tw/
0008,公立,一般大學,國立中央大學,05,自然科學、數學及統計,053,物理、化學及地球科學,0533,物理,05331042,物理學系,專任,教授,鄭王曜,原子分子光學/雷射穩頻應用/量子控制,http://www.phy.ncu.edu.tw/
0008,公立,一般大學,國立中央大學,05,自然科學、數學及統計,053,物理、化學及地球科學,0533,物理,05331042,物理學系,專任,教授,黎璧賢,"生物物理,軟凝態物理",http://www.phy.ncu.edu.tw/
0008,公立,一般大學,國立中央大學,05,自然科學、數學及統計,053,物理、化學及地球科學,0533,物理,05331042,物理學系,專任,教授,瞿怡仁,重力理論,http://www.phy.ncu.edu.tw/
0008,公立,一般大學,國立中央大學,05,自然科學、數學及統計,053,物理、化學及地球科學,0533,物理,05331042,物理學系,專任,教授,羅夢凡,"奈米科學,表面物理",http://www.phy.ncu.edu.tw/
0008,公立,一般大學,國立中央大學,05,自然科學、數學及統計,053,物理、化學及地球科學,0533,物理,05331042,物理學系,專任,副教授,井上優貴,實驗宇宙學、重力波物理,http://www.phy.ncu.edu.tw/
0008,公立,一般大學,國立中央大學,05,自然科學、數學及統計,053,物理、化學及地球科學,0533,物理,05331042,物理學系,專任,副教授,朱慶琪,"原分子物理,物理教學",http://www.phy.ncu.edu.tw/
0008,公立,一般大學,國立中央大學,05,自然科學、數學及統計,053,物理、化學及地球科學,0533,物理,05331042,物理學系,專任,副教授,江祖永,理論高能物理,http://www.phy.ncu.edu.tw/
0008,公立,一般大學,國立中央大學,05,自然科學、數學及統計,053,物理、化學及地球科學,0533,物理,05331042,物理學系,專任,副教授,林孟凱,新穎二維材料、分子束磊晶(MBE)、角解析光電子能譜(ARPES),http://www.phy.ncu.edu.tw/
0008,公立,一般大學,國立中央大學,05,自然科學、數學及統計,053,物理、化學及地球科學,0533,物理,05331042,物理學系,專任,副教授,鄭劭家,雷射光學 /物理教學,http://www.phy.ncu.edu.tw/
0008,公立,一般大學,國立中央大學,05,自然科學、數學及統計,053,物理、化學及地球科學,0533,物理,05331042,物理學系,專任,副教授,薛雅薇,"生物物理,核磁共振",http://www.phy.ncu.edu.tw/
0008,公立,一般大學,國立中央大學,05,自然科學、數學及統計,053,物理、化學及地球科學,0533,物理,05331042,物理學系,專任,助理教授,林伯儒,中高能核物理實驗、強子物理,http://www.phy.ncu.edu.tw/
0008,公立,一般大學,國立中央大學,05,自然科學、數學及統計,053,物理、化學及地球科學,0533,物理,05331042,物理學系,專任,助理教授,粘正勳,"表面物理,凝態實驗,奈米材料科技",http://www.phy.ncu.edu.tw/
0008,公立,一般大學,國立中央大學,05,自然科學、數學及統計,053,物理、化學及地球科學,0533,物理,05331042,物理學系,專任,助理教授,黃振崗,雷射電漿相互作用,http://www.phy.ncu.edu.tw/
0008,公立,一般大學,國立中央大學,05,自然科學、數學及統計,053,物理、化學及地球科學,0533,物理,05331042,物理學系,專任,助理教授,温福來,生物物理、計算物理、軟凝態物理、數理生物學,http://www.phy.ncu.edu.tw/
0008,公立,一般大學,國立中央大學,05,自然科學、數學及統計,053,物理、化學及地球科學,0533,物理,05331042,物理學系,兼任,教授,余欣珊,高能物理實驗,http://www.phy.ncu.edu.tw/
0008,公立,一般大學,國立中央大學,05,自然科學、數學及統計,053,物理、化學及地球科學,0533,物理,05331042,物理學系,兼任,教授,張元翰,高能物理實驗,http://www.phy.ncu.edu.tw/
0008,公立,一般大學,國立中央大學,05,自然科學、數學及統計,053,物理、化學及地球科學,0533,物理,05331042,物理學系,兼任,教授,陳賜原,高能雷射技術/強場雷射電漿物理/強場原子分子物理,http://www.phy.ncu.edu.tw/
0008,公立,一般大學,國立中央大學,05,自然科學、數學及統計,053,物理、化學及地球科學,0533,物理,05331042,物理學系,兼任,教授,章文箴,夸克核物理、強子物理、相對論性重離子對撞,http://www.phy.ncu.edu.tw/
0008,公立,一般大學,國立中央大學,05,自然科學、數學及統計,053,物理、化學及地球科學,0533,物理,05331042,物理學系,兼任,教授,羅健榮,分子馬達 細胞運動學/生物物理,http://www.phy.ncu.edu.tw/
0008,公立,一般大學,國立中央大學,05,自然科學、數學及統計,053,物理、化學及地球科學,0533,物理,05331042,物理學系,兼任,副教授,李明道,"生物膜結構,蛋白質與生物膜交互作用,藥物分子",http://www.phy.ncu.edu.tw/
0008,公立,一般大學,國立中央大學,05,自然科學、數學及統計,053,物理、化學及地球科學,0533,物理,05331042,物理學系,兼任,副教授,林明緯,超快雷射科技、非線性光學、電漿物理、輻射度量,http://www.phy.ncu.edu.tw/
0008,公立,一般大學,國立中央大學,05,自然科學、數學及統計,053,物理、化學及地球科學,0533,物理,05331042,物理學系,兼任,副教授,林耿慧,軟生物物理,http://www.phy.ncu.edu.tw/
0008,公立,一般大學,國立中央大學,05,自然科學、數學及統計,053,物理、化學及地球科學,0533,物理,05331042,物理學系,兼任,副教授,蔡日強,顆粒流動力學,http://www.phy.ncu.edu.tw/
0008,公立,一般大學,國立中央大學,05,自然科學、數學及統計,053,物理、化學及地球科學,0533,物理,05332045,天文研究所,專任,教授,周翊,"高能天文物理,天文儀器",http://www.astro.ncu.edu.tw/
0008,公立,一般大學,國立中央大學,05,自然科學、數學及統計,053,物理、化學及地球科學,0533,物理,05332045,天文研究所,專任,教授,高仲明,"宇宙射線,太陽圈,星系暈,星際介質",http://www.astro.ncu.edu.tw/
0008,公立,一般大學,國立中央大學,05,自然科學、數學及統計,053,物理、化學及地球科學,0533,物理,05332045,天文研究所,專任,教授,陳文屏,"恆星與行星的形成,天文觀測恆星直徑測量",http://www.astro.ncu.edu.tw/
0008,公立,一般大學,國立中央大學,05,自然科學、數學及統計,053,物理、化學及地球科學,0533,物理,05332045,天文研究所,專任,教授,葉永烜,"太陽系起源與行星構成,太陽系電漿物理",http://www.astro.ncu.edu.tw/
0008,公立,一般大學,國立中央大學,05,自然科學、數學及統計,053,物理、化學及地球科學,0533,物理,05332045,天文研究所,專任,教授,饒兆聰,"Distance Scale、Cosmology,暗物質與資料分析",http://www.astro.ncu.edu.tw/
0008,公立,一般大學,國立中央大學,05,自然科學、數學及統計,053,物理、化學及地球科學,0533,物理,05332045,天文研究所,專任,副教授,潘彥丞,"超新星爆發, 超新星宇宙學, 超新星宿主星系, 瞬變天體",http://www.astro.ncu.edu.tw/
0008,公立,一般大學,國立中央大學,05,自然科學、數學及統計,053,物理、化學及地球科學,0533,物理,05332045,天文研究所,專任,助理教授,木下大輔,太陽系小天體研究,http://www.astro.ncu.edu.tw/
0008,公立,一般大學,國立中央大學,05,自然科學、數學及統計,053,物理、化學及地球科學,0533,物理,05332045,天文研究所,專任,助理教授,陳婷琬,"瞬變天體,超新星,重力波之光學對應體,超新星宿主星系",http://www.astro.ncu.edu.tw/
0008,公立,一般大學,國立中央大學,05,自然科學、數學及統計,053,物理、化學及地球科學,0539,其他物理、化學及地球科學,05399050,理學院學士班,專任,教授,楊宗勳,"生物晶片,微光機電系統,色彩學,混沌動力學",http://in.ncu.edu.tw/ncu65002/livine.htm
0008,公立,一般大學,國立中央大學,05,自然科學、數學及統計,053,物理、化學及地球科學,0539,其他物理、化學及地球科學,05399050,理學院學士班,專任,副教授,李紀倫,軟物質/統計力學,http://in.ncu.edu.tw/ncu65002/livine.htm
0008,公立,一般大學,國立中央大學,05,自然科學、數學及統計,054,數學及統計,0541,數學,05411051,數學系,專任,教授,李明憶,"富氏分析,Boltzmann Equation",http://www.math.ncu.edu.tw/math/news/news_select.php
0008,公立,一般大學,國立中央大學,05,自然科學、數學及統計,054,數學及統計,0541,數學,05411051,數學系,專任,教授,姚美琳,"辛幾何,辛拓樸",http://www.math.ncu.edu.tw/math/news/news_select.php
0008,公立,一般大學,國立中央大學,05,自然科學、數學及統計,054,數學及統計,0541,數學,05411051,數學系,專任,教授,胡偉帆,"數值偏微分方程,計算流體力學",http://www.math.ncu.edu.tw/math/news/news_select.php
0008,公立,一般大學,國立中央大學,05,自然科學、數學及統計,054,數學及統計,0541,數學,05411051,數學系,專任,教授,高華隆,"算子理論,矩陣分析",http://www.math.ncu.edu.tw/math/news/news_select.php
0008,公立,一般大學,國立中央大學,05,自然科學、數學及統計,054,數學及統計,0541,數學,05411051,數學系,專任,教授,許正雄,"動態系統,微分方程",http://www.math.ncu.edu.tw/math/news/news_select.php
0008,公立,一般大學,國立中央大學,05,自然科學、數學及統計,054,數學及統計,0541,數學,05411051,數學系,專任,教授,陳志瑋,李(超)代數、表現理論,http://www.math.ncu.edu.tw/math/news/news_select.php
0008,公立,一般大學,國立中央大學,05,自然科學、數學及統計,054,數學及統計,0541,數學,05411051,數學系,專任,教授,須上苑,機率論,http://www.math.ncu.edu.tw/math/news/news_select.php
0008,公立,一般大學,國立中央大學,05,自然科學、數學及統計,054,數學及統計,0541,數學,05411051,數學系,專任,教授,黃榮宗,大域分析,http://www.math.ncu.edu.tw/math/news/news_select.php
0008,公立,一般大學,國立中央大學,05,自然科學、數學及統計,054,數學及統計,0541,數學,05411051,數學系,專任,教授,黃皜文,代數組合、數學物理,http://www.math.ncu.edu.tw/math/news/news_select.php
0008,公立,一般大學,國立中央大學,05,自然科學、數學及統計,054,數學及統計,0541,數學,05411051,數學系,專任,教授,楊肅煜,計算與應用數學,http://www.math.ncu.edu.tw/math/news/news_select.php
0008,公立,一般大學,國立中央大學,05,自然科學、數學及統計,054,數學及統計,0541,數學,05411051,數學系,專任,教授,葉鴻國,"組合最佳化,演算法,應用機率",http://www.math.ncu.edu.tw/math/news/news_select.php
0008,公立,一般大學,國立中央大學,05,自然科學、數學及統計,054,數學及統計,0541,數學,05411051,數學系,專任,教授,饒維明,"幾何分析,實變分析",http://www.math.ncu.edu.tw/math/news/news_select.php
0008,公立,一般大學,國立中央大學,05,自然科學、數學及統計,054,數學及統計,0541,數學,05411051,數學系,專任,副教授,俞韋亘,Discrete Geometry,http://www.math.ncu.edu.tw/math/news/news_select.php
0008,公立,一般大學,國立中央大學,05,自然科學、數學及統計,054,數學及統計,0541,數學,05411051,數學系,專任,副教授,陳正傑,代數幾何,http://www.math.ncu.edu.tw/math/news/news_select.php
0008,公立,一般大學,國立中央大學,05,自然科學、數學及統計,054,數學及統計,0541,數學,05411051,數學系,專任,副教授,曾國師,搜尋機器人、人類行為分析、強化學習、人工智慧,http://www.math.ncu.edu.tw/math/news/news_select.php
0008,公立,一般大學,國立中央大學,05,自然科學、數學及統計,054,數學及統計,0541,數學,05411051,數學系,專任,副教授,黃世豪,Design of Experiments,http://www.math.ncu.edu.tw/math/news/news_select.php
0008,公立,一般大學,國立中央大學,05,自然科學、數學及統計,054,數學及統計,0541,數學,05411051,數學系,專任,副教授,廖勝強,離散數學,http://www.math.ncu.edu.tw/math/news/news_select.php
0008,公立,一般大學,國立中央大學,05,自然科學、數學及統計,054,數學及統計,0541,數學,05411051,數學系,專任,助理教授,李彥奇,分子通訊系統、資訊理論、量子資訊、應用機率,http://www.math.ncu.edu.tw/math/news/news_select.php
0008,公立,一般大學,國立中央大學,05,自然科學、數學及統計,054,數學及統計,0541,數學,05411051,數學系,專任,助理教授,林蔚安,Surrogate Model,http://www.math.ncu.edu.tw/math/news/news_select.php
0008,公立,一般大學,國立中央大學,05,自然科學、數學及統計,054,數學及統計,0541,數學,05411051,數學系,專任,助理教授,陳亭甫,財務數學、粒子濾波方法、金融數據分析,http://www.math.ncu.edu.tw/math/news/news_select.php
0008,公立,一般大學,國立中央大學,05,自然科學、數學及統計,054,數學及統計,0541,數學,05411051,數學系,專任,助理教授,彭俊文,"Number theory, arithmetic dynamic",http://www.math.ncu.edu.tw/math/news/news_select.php
0008,公立,一般大學,國立中央大學,05,自然科學、數學及統計,054,數學及統計,0541,數學,05411051,數學系,專任,助理教授,鄒駿祥,inverse problems for PDEs,http://www.math.ncu.edu.tw/math/news/news_select.php
0008,公立,一般大學,國立中央大學,05,自然科學、數學及統計,054,數學及統計,0541,數學,05411051,數學系,專任,助理教授,蔡宛育,群表現理論、李群,http://www.math.ncu.edu.tw/math/news/news_select.php
0008,公立,一般大學,國立中央大學,05,自然科學、數學及統計,054,數學及統計,0541,數學,05411051,數學系,專任,助理教授,蔡昇甫,離散數學、人工智慧,http://www.math.ncu.edu.tw/math/news/news_select.php
0008,公立,一般大學,國立中央大學,05,自然科學、數學及統計,054,數學及統計,0541,數學,05411051,數學系,專任,助理教授,蘇瑋栢,微分幾何、幾何分析、偏微分方程,http://www.math.ncu.edu.tw/math/news/news_select.php
0008,公立,一般大學,國立中央大學,05,自然科學、數學及統計,054,數學及統計,0541,數學,05411051,數學系,兼任,教授,方向,泛函分析,http://www.math.ncu.edu.tw/math/news/news_select.php
0008,公立,一般大學,國立中央大學,05,自然科學、數學及統計,054,數學及統計,0541,數學,05411051,數學系,兼任,教授,周雲雄,機率論及其應用,http://www.math.ncu.edu.tw/math/news/news_select.php
0008,公立,一般大學,國立中央大學,05,自然科學、數學及統計,054,數學及統計,0541,數學,05411051,數學系,兼任,教授,林欽誠,富氏分析,http://www.math.ncu.edu.tw/math/news/news_select.php
0008,公立,一般大學,國立中央大學,05,自然科學、數學及統計,054,數學及統計,0541,數學,05411051,數學系,兼任,教授,姜祖恕,機率論,http://www.math.ncu.edu.tw/math/news/news_select.php
0008,公立,一般大學,國立中央大學,05,自然科學、數學及統計,054,數學及統計,0541,數學,05411051,數學系,兼任,教授,張仁煦,Differential Equations,http://www.math.ncu.edu.tw/math/news/news_select.php
0008,公立,一般大學,國立中央大學,05,自然科學、數學及統計,054,數學及統計,0541,數學,05411051,數學系,兼任,教授,許順吉,機率論,http://www.math.ncu.edu.tw/math/news/news_select.php
0008,公立,一般大學,國立中央大學,05,自然科學、數學及統計,054,數學及統計,0541,數學,05411051,數學系,兼任,教授,陳宜良,Scientific Computing,http://www.math.ncu.edu.tw/math/news/news_select.php
0008,公立,一般大學,國立中央大學,05,自然科學、數學及統計,054,數學及統計,0541,數學,05411051,數學系,兼任,副教授,于振華,應用機率,http://www.math.ncu.edu.tw/math/news/news_select.php
0008,公立,一般大學,國立中央大學,05,自然科學、數學及統計,054,數學及統計,0541,數學,05411051,數學系,兼任,副教授,許玉生,"機率,統計",http://www.math.ncu.edu.tw/math/news/news_select.php
0008,公立,一般大學,國立中央大學,05,自然科學、數學及統計,054,數學及統計,0541,數學,05411051,數學系,兼任,副教授,陳思勉,"統計推論,工業統計",http://www.math.ncu.edu.tw/math/news/news_select.php
0008,公立,一般大學,國立中央大學,05,自然科學、數學及統計,054,數學及統計,0541,數學,05411051,數學系,兼任,副教授,賈陘夫,近似理論、數值分析,http://www.math.ncu.edu.tw/math/news/news_select.php
0008,公立,一般大學,國立中央大學,05,自然科學、數學及統計,054,數學及統計,0541,數學,05411051,數學系,兼任,副教授,趙一峯,機率、統計,http://www.math.ncu.edu.tw/math/news/news_select.php
0008,公立,一般大學,國立中央大學,05,自然科學、數學及統計,054,數學及統計,0541,數學,05411051,數學系,兼任,副教授,蕭嘉璋,小波理論,http://www.math.ncu.edu.tw/math/news/news_select.php
0008,公立,一般大學,國立中央大學,05,自然科學、數學及統計,054,數學及統計,0541,數學,05411051,數學系,兼任,助理教授,張廷暉,微分幾何、幾何分析、柯西黎曼幾何,http://www.math.ncu.edu.tw/math/news/news_select.php
0008,公立,一般大學,國立中央大學,05,自然科學、數學及統計,054,數學及統計,0541,數學,05411051,數學系,兼任,助理教授,陳俞碩,"動態系統,微分方程",http://www.math.ncu.edu.tw/math/news/news_select.php
0008,公立,一般大學,國立中央大學,05,自然科學、數學及統計,054,數學及統計,0541,數學,05411051,數學系,兼任,助理教授,賴馨華,"微分幾何,幾何分析",http://www.math.ncu.edu.tw/math/news/news_select.php
0008,公立,一般大學,國立中央大學,05,自然科學、數學及統計,054,數學及統計,0542,統計,05421052,統計研究所,專任,教授,孫立憲,應用機率、財務數學、財務工程,http://www.stat.ncu.edu.tw/
0008,公立,一般大學,國立中央大學,05,自然科學、數學及統計,054,數學及統計,0542,統計,05421052,統計研究所,專任,教授,陳春樹,"空間統計,模型選取",http://www.stat.ncu.edu.tw/
0008,公立,一般大學,國立中央大學,05,自然科學、數學及統計,054,數學及統計,0542,統計,05421052,統計研究所,專任,教授,曾議寬,"生物統計,存活資料分析,長期追蹤資料分析",http://www.stat.ncu.edu.tw/
0008,公立,一般大學,國立中央大學,05,自然科學、數學及統計,054,數學及統計,0542,統計,05421052,統計研究所,專任,教授,黃士峰,機率統計、時間序列分析、財務工程、風險管理、數據科學,http://www.stat.ncu.edu.tw/
0008,公立,一般大學,國立中央大學,05,自然科學、數學及統計,054,數學及統計,0542,統計,05421052,統計研究所,專任,教授,鄒宗山,"生物統計,統計推論,有母數強韌廣義迴歸",http://www.stat.ncu.edu.tw/
0008,公立,一般大學,國立中央大學,05,自然科學、數學及統計,054,數學及統計,0542,統計,05421052,統計研究所,專任,教授,樊采虹,"貝氏理論,統計計算",http://www.stat.ncu.edu.tw/
0008,公立,一般大學,國立中央大學,05,自然科學、數學及統計,054,數學及統計,0542,統計,05421052,統計研究所,專任,副教授,王紹宣,高維度資料分析;降維方法;存活分析;低溫電顯研究,http://www.stat.ncu.edu.tw/
0008,公立,一般大學,國立中央大學,05,自然科學、數學及統計,054,數學及統計,0542,統計,05421052,統計研究所,專任,助理教授,鄭雅珊,可靠度、流行病學、醫藥研究,http://www.stat.ncu.edu.tw/
0008,公立,一般大學,國立中央大學,05,自然科學、數學及統計,054,數學及統計,0542,統計,05421052,統計研究所,兼任,教授,彭健育,可靠度分析、實驗設計、數理統計,http://www.stat.ncu.edu.tw/
0008,公立,一般大學,國立中央大學,05,自然科學、數學及統計,054,數學及統計,0542,統計,05421052,統計研究所,兼任,教授,黃信誠,"空間統計,模型選取",http://www.stat.ncu.edu.tw/
0008,公立,一般大學,國立中央大學,05,自然科學、數學及統計,054,數學及統計,0542,統計,05421052,統計研究所,兼任,教授,潘建興,實驗設計、模型篩選分析、 社會網路分析,http://www.stat.ncu.edu.tw/
0008,公立,一般大學,國立中央大學,06,資訊通訊科技,061,資訊通訊科技,0613,軟體及應用的開發與分析,06131053,資訊管理學系,專任,教授,王存國,Information Economics,https://im.mgt.ncu.edu.tw/
0008,公立,一般大學,國立中央大學,06,資訊通訊科技,061,資訊通訊科技,0613,軟體及應用的開發與分析,06131053,資訊管理學系,專任,教授,李俊賢,Intelligent Systems,https://im.mgt.ncu.edu.tw/
0008,公立,一般大學,國立中央大學,06,資訊通訊科技,061,資訊通訊科技,0613,軟體及應用的開發與分析,06131053,資訊管理學系,專任,教授,周惠文,組織變革、團隊研究、資訊教育,https://im.mgt.ncu.edu.tw/
0008,公立,一般大學,國立中央大學,06,資訊通訊科技,061,資訊通訊科技,0613,軟體及應用的開發與分析,06131053,資訊管理學系,專任,教授,胡雅涵,資料探勘、醫療資訊、文字探勘、商業智慧，電子病歷、健保資料庫,https://im.mgt.ncu.edu.tw/
0008,公立,一般大學,國立中央大學,06,資訊通訊科技,061,資訊通訊科技,0613,軟體及應用的開發與分析,06131053,資訊管理學系,專任,教授,許文錦,資訊管理,https://im.mgt.ncu.edu.tw/
0008,公立,一般大學,國立中央大學,06,資訊通訊科技,061,資訊通訊科技,0613,軟體及應用的開發與分析,06131053,資訊管理學系,專任,教授,陳以錚,資料探勘、社群網路分析、資料擷取、智慧家庭、雲端運算,https://im.mgt.ncu.edu.tw/
0008,公立,一般大學,國立中央大學,06,資訊通訊科技,061,資訊通訊科技,0613,軟體及應用的開發與分析,06131053,資訊管理學系,專任,教授,陳仲儼,CMMI consulting,https://im.mgt.ncu.edu.tw/
0008,公立,一般大學,國立中央大學,06,資訊通訊科技,061,資訊通訊科技,0613,軟體及應用的開發與分析,06131053,資訊管理學系,專任,教授,陳奕明,Distributed IS,https://im.mgt.ncu.edu.tw/
0008,公立,一般大學,國立中央大學,06,資訊通訊科技,061,資訊通訊科技,0613,軟體及應用的開發與分析,06131053,資訊管理學系,專任,教授,陳彥良,"Data Mining,Information",https://im.mgt.ncu.edu.tw/
0008,公立,一般大學,國立中央大學,06,資訊通訊科技,061,資訊通訊科技,0613,軟體及應用的開發與分析,06131053,資訊管理學系,專任,教授,蔡志豐,Multimedia Information,https://im.mgt.ncu.edu.tw/
0008,公立,一般大學,國立中央大學,06,資訊通訊科技,061,資訊通訊科技,0613,軟體及應用的開發與分析,06131053,資訊管理學系,專任,教授,謝依靜,Services Marketing,https://im.mgt.ncu.edu.tw/
0008,公立,一般大學,國立中央大學,06,資訊通訊科技,061,資訊通訊科技,0613,軟體及應用的開發與分析,06131053,資訊管理學系,專任,副教授,周恩頤,行銷管理、品牌行銷、服務業行銷、網路行銷,https://im.mgt.ncu.edu.tw/
0008,公立,一般大學,國立中央大學,06,資訊通訊科技,061,資訊通訊科技,0613,軟體及應用的開發與分析,06131053,資訊管理學系,專任,副教授,邱信瑜,"財務管理, 應用計量, 投資組合及資產定價, 行為財務學, 金融科技",https://im.mgt.ncu.edu.tw/
0008,公立,一般大學,國立中央大學,06,資訊通訊科技,061,資訊通訊科技,0613,軟體及應用的開發與分析,06131053,資訊管理學系,專任,副教授,施皇嘉,人工智慧物聯網、電腦視覺及多媒體內容分析、人機互動、運動數據分析,https://im.mgt.ncu.edu.tw/
0008,公立,一般大學,國立中央大學,06,資訊通訊科技,061,資訊通訊科技,0613,軟體及應用的開發與分析,06131053,資訊管理學系,專任,副教授,張李治華,資訊系統策略、資訊經濟、電子化企業,https://im.mgt.ncu.edu.tw/
0008,公立,一般大學,國立中央大學,06,資訊通訊科技,061,資訊通訊科技,0613,軟體及應用的開發與分析,06131053,資訊管理學系,專任,副教授,許智誠,Enterprise Application,https://im.mgt.ncu.edu.tw/
0008,公立,一般大學,國立中央大學,06,資訊通訊科技,061,資訊通訊科技,0613,軟體及應用的開發與分析,06131053,資訊管理學系,專任,副教授,曾筱珽,醫療資訊管理、決策支援系統、社會網路分析、資料科學,https://im.mgt.ncu.edu.tw/
0008,公立,一般大學,國立中央大學,06,資訊通訊科技,061,資訊通訊科技,0613,軟體及應用的開發與分析,06131053,資訊管理學系,專任,副教授,葉羅堯,區塊鏈、資訊安全、車載通訊網路、雲端計算安全,https://im.mgt.ncu.edu.tw/
0008,公立,一般大學,國立中央大學,06,資訊通訊科技,061,資訊通訊科技,0613,軟體及應用的開發與分析,06131053,資訊管理學系,專任,副教授,蔡家安,專案管理、專案群管理、資訊系統導入與建置、量化分析,https://im.mgt.ncu.edu.tw/
0008,公立,一般大學,國立中央大學,06,資訊通訊科技,061,資訊通訊科技,0613,軟體及應用的開發與分析,06131053,資訊管理學系,專任,副教授,蘇雅惠,Business Model Innovation,https://im.mgt.ncu.edu.tw/
0008,公立,一般大學,國立中央大學,06,資訊通訊科技,061,資訊通訊科技,0613,軟體及應用的開發與分析,06131053,資訊管理學系,專任,助理教授,柯士文,資訊檢索、機械學習、自然語言處理、資料科學,https://im.mgt.ncu.edu.tw/
0008,公立,一般大學,國立中央大學,06,資訊通訊科技,061,資訊通訊科技,0613,軟體及應用的開發與分析,06131053,資訊管理學系,專任,助理教授,黃子菱,線上社群、電子商務、醫療照護中的人機互動,https://im.mgt.ncu.edu.tw/
0008,公立,一般大學,國立中央大學,06,資訊通訊科技,061,資訊通訊科技,0613,軟體及應用的開發與分析,06131053,資訊管理學系,專任,助理教授,劉子源,資訊安全、密碼學、隱私保護技術,https://im.mgt.ncu.edu.tw/
0008,公立,一般大學,國立中央大學,06,資訊通訊科技,061,資訊通訊科技,0613,軟體及應用的開發與分析,06131053,資訊管理學系,專任,助理教授,蘇坤良,Wireless Communication,https://im.mgt.ncu.edu.tw/
0008,公立,一般大學,國立中央大學,06,資訊通訊科技,061,資訊通訊科技,0613,軟體及應用的開發與分析,06131053,資訊管理學系,兼任,教授,林熙禎,"Application of IT,IRM",https://im.mgt.ncu.edu.tw/
0008,公立,一般大學,國立中央大學,06,資訊通訊科技,061,資訊通訊科技,0613,軟體及應用的開發與分析,06131053,資訊管理學系,兼任,教授,范懿文,"Application of IS,DSS",https://im.mgt.ncu.edu.tw/
0008,公立,一般大學,國立中央大學,06,資訊通訊科技,061,資訊通訊科技,0613,軟體及應用的開發與分析,06131053,資訊管理學系,兼任,副教授,陳毓鐸,金融科技信用承保自動化，行動商務與付款防詐欺，物流價格最佳化,https://im.mgt.ncu.edu.tw/
0008,公立,一般大學,國立中央大學,06,資訊通訊科技,061,資訊通訊科技,0613,軟體及應用的開發與分析,06131053,資訊管理學系,兼任,助理教授,錢世傑,數位證據,https://im.mgt.ncu.edu.tw/
0008,公立,一般大學,國立中央大學,06,資訊通訊科技,061,資訊通訊科技,0613,軟體及應用的開發與分析,06131059,資訊工程學系,專任,教授,蔡宗翰,"自然語言處理,生醫文本探勘,文本情緒分析與意見探勘",https://www.csie.ncu.edu.tw/
0008,公立,一般大學,國立中央大學,06,資訊通訊科技,061,資訊通訊科技,0613,軟體及應用的開發與分析,06131059,資訊工程學系,專任,教授,王家慶,"多媒體處理,語音/音訊處理,IC晶片設計",https://www.csie.ncu.edu.tw/
0008,公立,一般大學,國立中央大學,06,資訊通訊科技,061,資訊通訊科技,0613,軟體及應用的開發與分析,06131059,資訊工程學系,專任,教授,王尉任,"分散式程式語言,網格計算,同儕計算,分散式計算理論",https://www.csie.ncu.edu.tw/
0008,公立,一般大學,國立中央大學,06,資訊通訊科技,061,資訊通訊科技,0613,軟體及應用的開發與分析,06131059,資訊工程學系,專任,教授,江振瑞,"分散式計算,普適計算,無線感測網路,同儕系統",https://www.csie.ncu.edu.tw/
0008,公立,一般大學,國立中央大學,06,資訊通訊科技,061,資訊通訊科技,0613,軟體及應用的開發與分析,06131059,資訊工程學系,專任,教授,吳曉光,"無線通訊網路,寬頻網路,電子商務,嵌入式系統",https://www.csie.ncu.edu.tw/
0008,公立,一般大學,國立中央大學,06,資訊通訊科技,061,資訊通訊科技,0613,軟體及應用的開發與分析,06131059,資訊工程學系,專任,教授,周立德,"寬頻高速網路,無線網路,網路管理",https://www.csie.ncu.edu.tw/
0008,公立,一般大學,國立中央大學,06,資訊通訊科技,061,資訊通訊科技,0613,軟體及應用的開發與分析,06131059,資訊工程學系,專任,教授,施國琛,"互動式多媒體及遊戲,數位學習系統,普適計算",https://www.csie.ncu.edu.tw/
0008,公立,一般大學,國立中央大學,06,資訊通訊科技,061,資訊通訊科技,0613,軟體及應用的開發與分析,06131059,資訊工程學系,專任,教授,洪炯宗,"資料庫系統設計,資料倉儲,遺傳演算法,生物資訊學",https://www.csie.ncu.edu.tw/
0008,公立,一般大學,國立中央大學,06,資訊通訊科技,061,資訊通訊科技,0613,軟體及應用的開發與分析,06131059,資訊工程學系,專任,教授,范國清,"圖形識別,電腦視覺,影像處理",https://www.csie.ncu.edu.tw/
0008,公立,一般大學,國立中央大學,06,資訊通訊科技,061,資訊通訊科技,0613,軟體及應用的開發與分析,06131059,資訊工程學系,專任,教授,孫敏德,"行動網路,無線通訊網路,演算法設計與分析",https://www.csie.ncu.edu.tw/
0008,公立,一般大學,國立中央大學,06,資訊通訊科技,061,資訊通訊科技,0613,軟體及應用的開發與分析,06131059,資訊工程學系,專任,教授,張貴雲,"無線感測網路,圖論與組合最佳化",https://www.csie.ncu.edu.tw/
0008,公立,一般大學,國立中央大學,06,資訊通訊科技,061,資訊通訊科技,0613,軟體及應用的開發與分析,06131059,資訊工程學系,專任,教授,張嘉惠,"網際網路,資訊萃取,資料探勘",https://www.csie.ncu.edu.tw/
0008,公立,一般大學,國立中央大學,06,資訊通訊科技,061,資訊通訊科技,0613,軟體及應用的開發與分析,06131059,資訊工程學系,專任,教授,梁德容,"分散系統,容錯計算,審計安全,物件導向",https://www.csie.ncu.edu.tw/
0008,公立,一般大學,國立中央大學,06,資訊通訊科技,061,資訊通訊科技,0613,軟體及應用的開發與分析,06131059,資訊工程學系,專任,教授,許富皓,"電腦網路安全,裝置驅動,記憶體程序管理,OS核心",https://www.csie.ncu.edu.tw/
0008,公立,一般大學,國立中央大學,06,資訊通訊科技,061,資訊通訊科技,0613,軟體及應用的開發與分析,06131059,資訊工程學系,專任,教授,陳國棟,"人機介面設計,電子書的互動設計,機器人與混合實境",https://www.csie.ncu.edu.tw/
0008,公立,一般大學,國立中央大學,06,資訊通訊科技,061,資訊通訊科技,0613,軟體及應用的開發與分析,06131059,資訊工程學系,專任,教授,陳慶瀚,"嵌入式系統,生物辨識,計算智慧",https://www.csie.ncu.edu.tw/
0008,公立,一般大學,國立中央大學,06,資訊通訊科技,061,資訊通訊科技,0613,軟體及應用的開發與分析,06131059,資訊工程學系,專任,教授,黃楓南,"科學與平行計算,區域分割法,計算流體及生物力學",https://www.csie.ncu.edu.tw/
0008,公立,一般大學,國立中央大學,06,資訊通訊科技,061,資訊通訊科技,0613,軟體及應用的開發與分析,06131059,資訊工程學系,專任,教授,楊鎮華,"WeB2.0,2nd Life,Android手機",https://www.csie.ncu.edu.tw/
0008,公立,一般大學,國立中央大學,06,資訊通訊科技,061,資訊通訊科技,0613,軟體及應用的開發與分析,06131059,資訊工程學系,專任,教授,葉士青,"虛擬實境,增強現實,人機互動,神經復健工程,智能診斷與評估,數位學習",https://www.csie.ncu.edu.tw/
0008,公立,一般大學,國立中央大學,06,資訊通訊科技,061,資訊通訊科技,0613,軟體及應用的開發與分析,06131059,資訊工程學系,專任,教授,劉晨鐘,"電腦輔助合作學習,適性化學習系統,網路學習系統",https://www.csie.ncu.edu.tw/
0008,公立,一般大學,國立中央大學,06,資訊通訊科技,061,資訊通訊科技,0613,軟體及應用的開發與分析,06131059,資訊工程學系,專任,教授,鄭永斌,"軟體工程,軟體視覺化(3D),物件導向分析與設計",https://www.csie.ncu.edu.tw/
0008,公立,一般大學,國立中央大學,06,資訊通訊科技,061,資訊通訊科技,0613,軟體及應用的開發與分析,06131059,資訊工程學系,專任,教授,鄭旭詠,"視訊分析,機器學習,影像及訊號處理,智慧型系統",https://www.csie.ncu.edu.tw/
0008,公立,一般大學,國立中央大學,06,資訊通訊科技,061,資訊通訊科技,0613,軟體及應用的開發與分析,06131059,資訊工程學系,專任,教授,蘇木春,"類神經網路,模糊系統,計算型智慧,人機介面",https://www.csie.ncu.edu.tw/
0008,公立,一般大學,國立中央大學,06,資訊通訊科技,061,資訊通訊科技,0613,軟體及應用的開發與分析,06131059,資訊工程學系,專任,教授,蘇柏齊,"影像與視訊處理,多媒體資料壓縮",https://www.csie.ncu.edu.tw/
0008,公立,一般大學,國立中央大學,06,資訊通訊科技,061,資訊通訊科技,0613,軟體及應用的開發與分析,06131059,資訊工程學系,專任,副教授,莊永裕,"程式語言設計,軟體工程,高效能運算",https://www.csie.ncu.edu.tw/
0008,公立,一般大學,國立中央大學,06,資訊通訊科技,061,資訊通訊科技,0613,軟體及應用的開發與分析,06131059,資訊工程學系,專任,副教授,陳弘軒,"資訊檢索,推薦系統,機器學習",https://www.csie.ncu.edu.tw/
0008,公立,一般大學,國立中央大學,06,資訊通訊科技,061,資訊通訊科技,0613,軟體及應用的開發與分析,06131059,資訊工程學系,專任,副教授,陳增益,"前瞻記憶體儲存系統及其應用,嵌入式記憶體與儲存系統管理,物聯網系統",https://www.csie.ncu.edu.tw/
0008,公立,一般大學,國立中央大學,06,資訊通訊科技,061,資訊通訊科技,0613,軟體及應用的開發與分析,06131059,資訊工程學系,專任,助理教授,林家瑜,"人工智慧,串流資料分析,雲端運算,智慧製造",https://www.csie.ncu.edu.tw/
0008,公立,一般大學,國立中央大學,06,資訊通訊科技,061,資訊通訊科技,0613,軟體及應用的開發與分析,06131059,資訊工程學系,專任,助理教授,洪慧儒,"社群網路分析,圖論最佳化問題,資料探勘,深度學習",https://www.csie.ncu.edu.tw/
0008,公立,一般大學,國立中央大學,06,資訊通訊科技,061,資訊通訊科技,0613,軟體及應用的開發與分析,06131059,資訊工程學系,專任,助理教授,楊晧琮,"多代理人自動化系統,物聯網安全,資料隱私,演算法設計",https://www.csie.ncu.edu.tw/
0008,公立,一般大學,國立中央大學,06,資訊通訊科技,061,資訊通訊科技,0613,軟體及應用的開發與分析,06131059,資訊工程學系,專任,助理教授,蔡孟峰,"資料探勘,資料倉儲,分散式系統",https://www.csie.ncu.edu.tw/
0008,公立,一般大學,國立中央大學,06,資訊通訊科技,061,資訊通訊科技,0613,軟體及應用的開發與分析,06131059,資訊工程學系,專任,助理教授,鍾佳儒,"生物醫學大數據分析,病原菌抗藥性分析預測,抗菌藥物開發,多體學數據分析",https://www.csie.ncu.edu.tw/
0008,公立,一般大學,國立中央大學,06,資訊通訊科技,061,資訊通訊科技,0613,軟體及應用的開發與分析,06131059,資訊工程學系,專任,助理教授,韓伯維,"演化式計算,機器學習,資訊安全",https://www.csie.ncu.edu.tw/
0008,公立,一般大學,國立中央大學,06,資訊通訊科技,061,資訊通訊科技,0613,軟體及應用的開發與分析,06131059,資訊工程學系,兼任,教授,何錦文,"演算法,生物計算,平行與分散處理",https://www.csie.ncu.edu.tw/
0008,公立,一般大學,國立中央大學,06,資訊通訊科技,061,資訊通訊科技,0613,軟體及應用的開發與分析,06131059,資訊工程學系,兼任,教授,曾定章,"電腦視覺,影像處理,虛擬實境",https://www.csie.ncu.edu.tw/
0008,公立,一般大學,國立中央大學,06,資訊通訊科技,061,資訊通訊科技,0613,軟體及應用的開發與分析,06131059,資訊工程學系,兼任,教授,曾黎明,"計算機架構,作業系統,計算機網路及分散式系統",https://www.csie.ncu.edu.tw/
0008,公立,一般大學,國立中央大學,06,資訊通訊科技,061,資訊通訊科技,0613,軟體及應用的開發與分析,06131059,資訊工程學系,兼任,教授,劉寶鈞,"資料庫系統,物件導向系統,遠距教學系統,生物資訊",https://www.csie.ncu.edu.tw/
0008,公立,一般大學,國立中央大學,06,資訊通訊科技,061,資訊通訊科技,0613,軟體及應用的開發與分析,06131059,資訊工程學系,兼任,教授,鄭伯順,"多媒體通訊,智慧型運輸系統,通訊與資訊安全技術",https://www.csie.ncu.edu.tw/
0008,公立,一般大學,國立中央大學,06,資訊通訊科技,061,資訊通訊科技,0613,軟體及應用的開發與分析,06131059,資訊工程學系,兼任,教授,顏嵩銘,"IC卡安全,公開金鑰密碼系統,資訊與通訊安全",https://www.csie.ncu.edu.tw/
0008,公立,一般大學,國立中央大學,06,資訊通訊科技,061,資訊通訊科技,0613,軟體及應用的開發與分析,06131059,資訊工程學系,兼任,講師,李逸元,"資訊技術風險管理,資訊安全管理諮詢, IT服務管理諮詢",https://www.csie.ncu.edu.tw/
0008,公立,一般大學,國立中央大學,06,資訊通訊科技,061,資訊通訊科技,0613,軟體及應用的開發與分析,06131059,資訊工程學系,兼任,講師,林建昌,資訊科技整合、AI應用、數位創新與企業流程優化,https://www.csie.ncu.edu.tw/
0008,公立,一般大學,國立中央大學,06,資訊通訊科技,061,資訊通訊科技,0613,軟體及應用的開發與分析,06131059,資訊工程學系,兼任,講師,俞冠廷,機器人操作,https://www.csie.ncu.edu.tw/
0008,公立,一般大學,國立中央大學,06,資訊通訊科技,061,資訊通訊科技,0613,軟體及應用的開發與分析,06131059,資訊工程學系,兼任,講師,徐皓,"GitHub/GitLab跨國開源,Linux 系統管理",https://www.csie.ncu.edu.tw/
0008,公立,一般大學,國立中央大學,06,資訊通訊科技,061,資訊通訊科技,0613,軟體及應用的開發與分析,06131059,資訊工程學系,兼任,講師,莊淑閔,行動通訊、嵌入式系統與資安技術,https://www.csie.ncu.edu.tw/
0008,公立,一般大學,國立中央大學,06,資訊通訊科技,061,資訊通訊科技,0613,軟體及應用的開發與分析,06132002,網路學習科技研究所,專任,教授,黃武元,"多媒體高互動系統之創意設計與開發,無所不在學習",http://www.lst.ncu.edu.tw/
0008,公立,一般大學,國立中央大學,06,資訊通訊科技,061,資訊通訊科技,0613,軟體及應用的開發與分析,06132002,網路學習科技研究所,專任,教授,吳穎沺,"科學教育,網路科學學習,建構主義與認知學習",http://www.lst.ncu.edu.tw/
0008,公立,一般大學,國立中央大學,06,資訊通訊科技,061,資訊通訊科技,0613,軟體及應用的開發與分析,06132002,網路學習科技研究所,專任,教授,王俐容,客家研究、跨國社群、文化政策、文化研究、消費社會學,http://www.lst.ncu.edu.tw/
0008,公立,一般大學,國立中央大學,06,資訊通訊科技,061,資訊通訊科技,0613,軟體及應用的開發與分析,06132002,網路學習科技研究所,專任,教授,施如齡,質性研究、行動學習,http://www.lst.ncu.edu.tw/
0008,公立,一般大學,國立中央大學,06,資訊通訊科技,061,資訊通訊科技,0613,軟體及應用的開發與分析,06132002,網路學習科技研究所,專任,教授,陳攸華,人機互動、人因與數位學習、個人化學習,http://www.lst.ncu.edu.tw/
0008,公立,一般大學,國立中央大學,06,資訊通訊科技,061,資訊通訊科技,0613,軟體及應用的開發與分析,06132002,網路學習科技研究所,專任,教授,楊接期,"數位語言學習,行動學習,數位遊戲式學習,網路學習",http://www.lst.ncu.edu.tw/
0008,公立,一般大學,國立中央大學,06,資訊通訊科技,061,資訊通訊科技,0613,軟體及應用的開發與分析,06132002,網路學習科技研究所,專任,副教授,洪暉鈞,人工智慧、資料視覺化探索與教育大數據分析,http://www.lst.ncu.edu.tw/
0008,公立,一般大學,國立中央大學,06,資訊通訊科技,061,資訊通訊科技,0613,軟體及應用的開發與分析,06132002,網路學習科技研究所,專任,助理教授,廖長彥,資訊教育、應用科學、語言學習,http://www.lst.ncu.edu.tw/
0008,公立,一般大學,國立中央大學,06,資訊通訊科技,061,資訊通訊科技,0613,軟體及應用的開發與分析,06132002,網路學習科技研究所,兼任,教授,陳德懷,"無線與行動學習,數位遊戲式學習,合作學習,人工智慧",http://www.lst.ncu.edu.tw/
0008,公立,一般大學,國立中央大學,06,資訊通訊科技,061,資訊通訊科技,0613,軟體及應用的開發與分析,06133082,人工智慧國際碩士學位學程,專任,助理教授,張家凱,影像分析與演算法設計、機器學習與深度學習、光學系統,https://igpai.ncu.edu.tw/
0008,公立,一般大學,國立中央大學,06,資訊通訊科技,061,資訊通訊科技,0613,軟體及應用的開發與分析,06133082,人工智慧國際碩士學位學程,專任,助理教授,陳炯豪,理論凝態物理、統計物理、量子資訊科學,https://igpai.ncu.edu.tw/
0008,公立,一般大學,國立中央大學,07,工程、製造及營建,071,工程及工程業,0711,化學工程及製程,07111069,化學工程與材料工程學系,專任,教授,吳子嘉,先進電子構裝技術、薄膜太陽能電池、同步輻射於材料,http://www.cme.ncu.edu.tw/
0008,公立,一般大學,國立中央大學,07,工程、製造及營建,071,工程及工程業,0711,化學工程及製程,07111069,化學工程與材料工程學系,專任,教授,李岱洲,表面分析、自組裝系統、薄膜製程與應用、統計熱力學,http://www.cme.ncu.edu.tw/
0008,公立,一般大學,國立中央大學,07,工程、製造及營建,071,工程及工程業,0711,化學工程及製程,07111069,化學工程與材料工程學系,專任,教授,李度,"有機分子結晶工程,藥物工程",http://www.cme.ncu.edu.tw/
0008,公立,一般大學,國立中央大學,07,工程、製造及營建,071,工程及工程業,0711,化學工程及製程,07111069,化學工程與材料工程學系,專任,教授,胡威文,生醫材料組織工程與再生醫學控制釋放,http://www.cme.ncu.edu.tw/
0008,公立,一般大學,國立中央大學,07,工程、製造及營建,071,工程及工程業,0711,化學工程及製程,07111069,化學工程與材料工程學系,專任,教授,徐敬衡,醱酵工程、生化反應槽設計、生化工程,http://www.cme.ncu.edu.tw/
0008,公立,一般大學,國立中央大學,07,工程、製造及營建,071,工程及工程業,0711,化學工程及製程,07111069,化學工程與材料工程學系,專任,教授,張博凱,金屬有機骨架材料，氣體吸附、儲存、分離，石墨烯及炭材料,http://www.cme.ncu.edu.tw/
0008,公立,一般大學,國立中央大學,07,工程、製造及營建,071,工程及工程業,0711,化學工程及製程,07111069,化學工程與材料工程學系,專任,教授,曹恆光,膠體與界面科學、高分子物理、潤濕現象、輸送現象,http://www.cme.ncu.edu.tw/
0008,公立,一般大學,國立中央大學,07,工程、製造及營建,071,工程及工程業,0711,化學工程及製程,07111069,化學工程與材料工程學系,專任,教授,陳文逸,生物辨識系統之熱力學與動力學、藥物控制釋放,http://www.cme.ncu.edu.tw/
0008,公立,一般大學,國立中央大學,07,工程、製造及營建,071,工程及工程業,0711,化學工程及製程,07111069,化學工程與材料工程學系,專任,教授,陳儀帆,軟質材料性質分析、生物物理、軟凝態物質、Ｘ光散射與單晶繞射學應用,http://www.cme.ncu.edu.tw/
0008,公立,一般大學,國立中央大學,07,工程、製造及營建,071,工程及工程業,0711,化學工程及製程,07111069,化學工程與材料工程學系,專任,教授,黃俊仁,高分子醫學材料、功能性生物介面、光學生物感測器,http://www.cme.ncu.edu.tw/
0008,公立,一般大學,國立中央大學,07,工程、製造及營建,071,工程及工程業,0711,化學工程及製程,07111069,化學工程與材料工程學系,專任,教授,劉正毓,"發光二極體,晶圓鍵合技術,無線寬頻晶片覆晶封裝技術,電致遷移熱遷移研究",http://www.cme.ncu.edu.tw/
0008,公立,一般大學,國立中央大學,07,工程、製造及營建,071,工程及工程業,0711,化學工程及製程,07111069,化學工程與材料工程學系,專任,教授,劉青原,有機合成方法學-有機金屬化學與催化反應,http://www.cme.ncu.edu.tw/
0008,公立,一般大學,國立中央大學,07,工程、製造及營建,071,工程及工程業,0711,化學工程及製程,07111069,化學工程與材料工程學系,專任,教授,劉奕宏,鋰/鈉離子電池材料合成開發與分析、陶瓷材料表面分析、粉體技術應用,http://www.cme.ncu.edu.tw/
0008,公立,一般大學,國立中央大學,07,工程、製造及營建,071,工程及工程業,0711,化學工程及製程,07111069,化學工程與材料工程學系,專任,教授,鄭紹良,微電子薄膜材料、奈米材料材料、顯微結構分析,http://www.cme.ncu.edu.tw/
0008,公立,一般大學,國立中央大學,07,工程、製造及營建,071,工程及工程業,0711,化學工程及製程,07111069,化學工程與材料工程學系,專任,教授,謝介銘,分子模擬、混合溶液之相平衡預測、量測高壓下混合溶液之相平衡,http://www.cme.ncu.edu.tw/
0008,公立,一般大學,國立中央大學,07,工程、製造及營建,071,工程及工程業,0711,化學工程及製程,07111069,化學工程與材料工程學系,專任,教授,樋口亞紺,材料與膜於生物醫學應用、幹細胞分離純化於再生、醫學應用、生物材料檢定,http://www.cme.ncu.edu.tw/
0008,公立,一般大學,國立中央大學,07,工程、製造及營建,071,工程及工程業,0711,化學工程及製程,07111069,化學工程與材料工程學系,專任,副教授,簡思佳,第一計算原理與機器學習方法研究材料的性質並設計及探討其應用,http://www.cme.ncu.edu.tw/
0008,公立,一般大學,國立中央大學,07,工程、製造及營建,071,工程及工程業,0711,化學工程及製程,07111069,化學工程與材料工程學系,專任,助理教授,王孝方,高分子物理、高分子工程,http://www.cme.ncu.edu.tw/
0008,公立,一般大學,國立中央大學,07,工程、製造及營建,071,工程及工程業,0711,化學工程及製程,07111069,化學工程與材料工程學系,專任,助理教授,王瑋鈞,程序系統工程、觸媒,http://www.cme.ncu.edu.tw/
0008,公立,一般大學,國立中央大學,07,工程、製造及營建,071,工程及工程業,0711,化學工程及製程,07111069,化學工程與材料工程學系,兼任,教授,周德綱,高分子化學,http://www.cme.ncu.edu.tw/
0008,公立,一般大學,國立中央大學,07,工程、製造及營建,071,工程及工程業,0711,化學工程及製程,07111069,化學工程與材料工程學系,兼任,教授,洪得耀,程序設計,http://www.cme.ncu.edu.tw/
0008,公立,一般大學,國立中央大學,07,工程、製造及營建,071,工程及工程業,0711,化學工程及製程,07111069,化學工程與材料工程學系,兼任,助理教授,胡宇方,製藥分析,http://www.cme.ncu.edu.tw/
0008,公立,一般大學,國立中央大學,07,工程、製造及營建,071,工程及工程業,0711,化學工程及製程,07112070,材料科學與工程研究所,專任,教授,王冠文,"奈米合金材料,儲氫材料,燃料電池電極觸媒",http://in.ncu.edu.tw/mse/
0008,公立,一般大學,國立中央大學,07,工程、製造及營建,071,工程及工程業,0711,化學工程及製程,07112070,材料科學與工程研究所,專任,教授,李勝偉,"矽鍺奈米技術,薄膜界面反應,表面增強拉曼活性基板",http://in.ncu.edu.tw/mse/
0008,公立,一般大學,國立中央大學,07,工程、製造及營建,071,工程及工程業,0711,化學工程及製程,07112070,材料科學與工程研究所,專任,教授,李勝隆,"輕合金研究,儲氫材料",http://in.ncu.edu.tw/mse/
0008,公立,一般大學,國立中央大學,07,工程、製造及營建,071,工程及工程業,0711,化學工程及製程,07112070,材料科學與工程研究所,專任,教授,洪緯璿,能源技術開發與材料合成、先進低維度光/電觸媒材料,http://in.ncu.edu.tw/mse/
0008,公立,一般大學,國立中央大學,07,工程、製造及營建,071,工程及工程業,0711,化學工程及製程,07112070,材料科學與工程研究所,專任,教授,陳立業,能源材料，儲氫材料，電池技術，納米技術，複合材料，腐蝕和腐蝕控制,http://in.ncu.edu.tw/mse/
0008,公立,一般大學,國立中央大學,07,工程、製造及營建,071,工程及工程業,0711,化學工程及製程,07112070,材料科學與工程研究所,專任,教授,鄭憲清,"非晶質合金及複材,生醫器械應用研究,奈米結構熱電材料",http://in.ncu.edu.tw/mse/
0008,公立,一般大學,國立中央大學,07,工程、製造及營建,071,工程及工程業,0711,化學工程及製程,07112070,材料科學與工程研究所,專任,副教授,陳一塵,"奈米材料與製造,半導體元件與特性分析",http://in.ncu.edu.tw/mse/
0008,公立,一般大學,國立中央大學,07,工程、製造及營建,071,工程及工程業,0711,化學工程及製程,07112070,材料科學與工程研究所,兼任,教授,林景崎,"電池技術,奈微製程技術,材料腐蝕與防蝕,材料電化學,電極材料研發",http://in.ncu.edu.tw/mse/
0008,公立,一般大學,國立中央大學,07,工程、製造及營建,071,工程及工程業,0711,化學工程及製程,07112070,材料科學與工程研究所,兼任,教授,張仍奎,儲能材料、電池、超高電容器、電化學、離子液體、超臨界流體、材料分析,http://in.ncu.edu.tw/mse/
0008,公立,一般大學,國立中央大學,07,工程、製造及營建,071,工程及工程業,0711,化學工程及製程,07112070,材料科學與工程研究所,兼任,助理教授,薄慧雲,超合金、耐高溫材料、抗彈材料及特殊合金材料等研發及關鍵技術等,http://in.ncu.edu.tw/mse/
0008,公立,一般大學,國立中央大學,07,工程、製造及營建,071,工程及工程業,0712,環境保護科技,07121072,環境工程研究所,專任,教授,江康鈺,廢棄物熱處理技術、廢棄物材料應用化技術,https://ev.in.ncu.edu.tw/index.php
0008,公立,一般大學,國立中央大學,07,工程、製造及營建,071,工程及工程業,0712,環境保護科技,07121072,環境工程研究所,專任,教授,林居慶,"環境（地質）微生物,環境（地質）化學,環境生物科技",https://ev.in.ncu.edu.tw/index.php
0008,公立,一般大學,國立中央大學,07,工程、製造及營建,071,工程及工程業,0712,環境保護科技,07121072,環境工程研究所,專任,教授,林進榮,太陽光驅動環境催化反應、小分子氣體純化、轉化與感測、揮發性廢氣處理技術,https://ev.in.ncu.edu.tw/index.php
0008,公立,一般大學,國立中央大學,07,工程、製造及營建,071,工程及工程業,0712,環境保護科技,07121072,環境工程研究所,專任,教授,張木彬,"空氣污染,廢棄物,毒性物質管制",https://ev.in.ncu.edu.tw/index.php
0008,公立,一般大學,國立中央大學,07,工程、製造及營建,071,工程及工程業,0712,環境保護科技,07121072,環境工程研究所,專任,教授,莊順興,環境生物技術、水環境再生與利用、工業廢水處理、下水道工程,https://ev.in.ncu.edu.tw/index.php
0008,公立,一般大學,國立中央大學,07,工程、製造及營建,071,工程及工程業,0712,環境保護科技,07121072,環境工程研究所,專任,副教授,林伯勳,廢水及自來水處理、飲用水系統之新興污染物調查、工業及都市廢水回收利用,https://ev.in.ncu.edu.tw/index.php
0008,公立,一般大學,國立中央大學,07,工程、製造及營建,071,工程及工程業,0712,環境保護科技,07121072,環境工程研究所,兼任,教授,于樹偉,事故調查、風險管理、績效評估與管理、情境分析,https://ev.in.ncu.edu.tw/index.php
0008,公立,一般大學,國立中央大學,07,工程、製造及營建,071,工程及工程業,0712,環境保護科技,07121072,環境工程研究所,兼任,教授,余泰毅,多變量統計、大數據分析技術、空氣污染、風險評估、環境教育,https://ev.in.ncu.edu.tw/index.php
0008,公立,一般大學,國立中央大學,07,工程、製造及營建,071,工程及工程業,0712,環境保護科技,07121072,環境工程研究所,兼任,教授,李崇德,"空氣污染,環境品質監測與分析",https://ev.in.ncu.edu.tw/index.php
0008,公立,一般大學,國立中央大學,07,工程、製造及營建,071,工程及工程業,0712,環境保護科技,07121072,環境工程研究所,兼任,教授,林志高,1. 污泥處理與處置2. 都市污水3. 工業廢水處理,https://ev.in.ncu.edu.tw/index.php
0008,公立,一般大學,國立中央大學,07,工程、製造及營建,071,工程及工程業,0712,環境保護科技,07121072,環境工程研究所,兼任,教授,曾廸華,"水及廢水,環境管理與系統工程,地下水污染,土壤污染",https://ev.in.ncu.edu.tw/index.php
0008,公立,一般大學,國立中央大學,07,工程、製造及營建,071,工程及工程業,0712,環境保護科技,07121072,環境工程研究所,兼任,教授,廖述良,"環境品質監控與分析,水及廢水,空氣污染,噪音及振動",https://ev.in.ncu.edu.tw/index.php
0008,公立,一般大學,國立中央大學,07,工程、製造及營建,071,工程及工程業,0712,環境保護科技,07121072,環境工程研究所,兼任,副教授,阮國棟,環境生物技術、環境生物技術、水污染、土壤污染、空氣污染整治技術,https://ev.in.ncu.edu.tw/index.php
0008,公立,一般大學,國立中央大學,07,工程、製造及營建,071,工程及工程業,0712,環境保護科技,07121072,環境工程研究所,兼任,副教授,莊銘棟,"大氣化學,中尺度環流與邊界層氣象,空氣品質模擬",https://ev.in.ncu.edu.tw/index.php
0008,公立,一般大學,國立中央大學,07,工程、製造及營建,071,工程及工程業,0712,環境保護科技,07121072,環境工程研究所,兼任,副教授,葉俊宏,飲用水管理政策與法規、水污染防治政策與法規、廢棄物處理政策與法規,https://ev.in.ncu.edu.tw/index.php
0008,公立,一般大學,國立中央大學,07,工程、製造及營建,071,工程及工程業,0712,環境保護科技,07121072,環境工程研究所,兼任,副教授,鄒倫,空氣品質管理、水質管理、有害廢棄物管理、毒性物質管理、環境影響評估,https://ev.in.ncu.edu.tw/index.php
0008,公立,一般大學,國立中央大學,07,工程、製造及營建,071,工程及工程業,0712,環境保護科技,07121072,環境工程研究所,兼任,助理教授,王智澤,土壤及地下水污染調查、水井力學、地下水數值模擬,https://ev.in.ncu.edu.tw/index.php
0008,公立,一般大學,國立中央大學,07,工程、製造及營建,071,工程及工程業,0712,環境保護科技,07121072,環境工程研究所,兼任,助理教授,王釿鋊,Catalysts and Chemical processes,https://ev.in.ncu.edu.tw/index.php
0008,公立,一般大學,國立中央大學,07,工程、製造及營建,071,工程及工程業,0712,環境保護科技,07121072,環境工程研究所,兼任,助理教授,葉斯祁,永續發展、環境及職業安全衛生(管理)實務、危害鑑別及風險評估控制輔導,https://ev.in.ncu.edu.tw/index.php
0008,公立,一般大學,國立中央大學,07,工程、製造及營建,071,工程及工程業,0712,環境保護科技,07121072,環境工程研究所,兼任,助理教授,廖萬里,淨水處理廠/海水淡化廠/廢棄物處理廠工程,https://ev.in.ncu.edu.tw/index.php
0008,公立,一般大學,國立中央大學,07,工程、製造及營建,071,工程及工程業,0713,電力及能源,07132066,能源工程研究所,專任,教授,曾重仁,"氫能燃料電池,太陽能產氫、太陽熱能相變化儲能系統",https://www.ec.ncu.edu.tw/pages/60
0008,公立,一般大學,國立中央大學,07,工程、製造及營建,071,工程及工程業,0713,電力及能源,07132066,能源工程研究所,專任,教授,鍾志昂,組織工程細胞體外培養及建模、生物反應器設計製作,https://www.ec.ncu.edu.tw/pages/60
0008,公立,一般大學,國立中央大學,07,工程、製造及營建,071,工程及工程業,0713,電力及能源,07132066,能源工程研究所,專任,教授,蘇清源,"低維度奈米材料,電漿製程,化學氣相沉積製程",https://www.ec.ncu.edu.tw/pages/60
0008,公立,一般大學,國立中央大學,07,工程、製造及營建,071,工程及工程業,0713,電力及能源,07132066,能源工程研究所,專任,副教授,韋安琪,光電工程學,https://www.ec.ncu.edu.tw/pages/60
0008,公立,一般大學,國立中央大學,07,工程、製造及營建,071,工程及工程業,0713,電力及能源,07132066,能源工程研究所,專任,副教授,陳震宇,燃料電池、氫能技術、電化學能源系統、微型渦輪發電技術,https://www.ec.ncu.edu.tw/pages/60
0008,公立,一般大學,國立中央大學,07,工程、製造及營建,071,工程及工程業,0713,電力及能源,07132066,能源工程研究所,專任,副教授,詹佳樺,"高分子材料合成,溶凝膠技術,奈米材料設計與合成",https://www.ec.ncu.edu.tw/pages/60
0008,公立,一般大學,國立中央大學,07,工程、製造及營建,071,工程及工程業,0713,電力及能源,07132066,能源工程研究所,專任,助理教授,陳冠廷,熱流,https://www.ec.ncu.edu.tw/pages/60
0008,公立,一般大學,國立中央大學,07,工程、製造及營建,071,工程及工程業,0714,電機與電子工程,07141055,電機工程學系,專任,教授,林法正,電機控制/非線性控制/智慧型控制/電力電子/智慧型電網,http://www2.ee.ncu.edu.tw/
0008,公立,一般大學,國立中央大學,07,工程、製造及營建,071,工程及工程業,0714,電機與電子工程,07141055,電機工程學系,專任,教授,王文俊,模糊理論、控制系統、機器人、影像處理、AI應用,http://www2.ee.ncu.edu.tw/
0008,公立,一般大學,國立中央大學,07,工程、製造及營建,071,工程及工程業,0714,電機與電子工程,07141055,電機工程學系,專任,教授,丘增杰,電波工程/雷達遙測/天線設計,http://www2.ee.ncu.edu.tw/
0008,公立,一般大學,國立中央大學,07,工程、製造及營建,071,工程及工程業,0714,電機與電子工程,07141055,電機工程學系,專任,教授,李進福,人工智慧電路與系統設計/半導體記憶體設計與測試,http://www2.ee.ncu.edu.tw/
0008,公立,一般大學,國立中央大學,07,工程、製造及營建,071,工程及工程業,0714,電機與電子工程,07141055,電機工程學系,專任,教授,辛正倫,熱電材料、元件和模組/氧化物半導體材料與元件/光電元件,http://www2.ee.ncu.edu.tw/
0008,公立,一般大學,國立中央大學,07,工程、製造及營建,071,工程及工程業,0714,電機與電子工程,07141055,電機工程學系,專任,教授,辛裕明,化合物半導體/寬能隙功率元件/功率放大器,http://www2.ee.ncu.edu.tw/
0008,公立,一般大學,國立中央大學,07,工程、製造及營建,071,工程及工程業,0714,電機與電子工程,07141055,電機工程學系,專任,教授,林祐生,微波與毫米波被動電路/射頻系統整合,http://www2.ee.ncu.edu.tw/
0008,公立,一般大學,國立中央大學,07,工程、製造及營建,071,工程及工程業,0714,電機與電子工程,07141055,電機工程學系,專任,教授,邱煥凱,射頻積體電路(RFIC)/單石微波積體電路(MMIC)/微波工程,http://www2.ee.ncu.edu.tw/
0008,公立,一般大學,國立中央大學,07,工程、製造及營建,071,工程及工程業,0714,電機與電子工程,07141055,電機工程學系,專任,教授,徐國鎧,機電控制系統/伺服馬達控制/電力電子/AI生醫信號處理,http://www2.ee.ncu.edu.tw/
0008,公立,一般大學,國立中央大學,07,工程、製造及營建,071,工程及工程業,0714,電機與電子工程,07141055,電機工程學系,專任,教授,張鴻埜,微波及毫米積體電路/通訊系統工程/微波工程,http://www2.ee.ncu.edu.tw/
0008,公立,一般大學,國立中央大學,07,工程、製造及營建,071,工程及工程業,0714,電機與電子工程,07141055,電機工程學系,專任,教授,許晉瑋,高速-高功率垂直共振腔面射型雷射/超高速光通信元件與量測系統,http://www2.ee.ncu.edu.tw/
0008,公立,一般大學,國立中央大學,07,工程、製造及營建,071,工程及工程業,0714,電機與電子工程,07141055,電機工程學系,專任,教授,郭明庭,奈米元件/量子資訊,http://www2.ee.ncu.edu.tw/
0008,公立,一般大學,國立中央大學,07,工程、製造及營建,071,工程及工程業,0714,電機與電子工程,07141055,電機工程學系,專任,教授,陳正一,能源資通訊/儀表與量測/數位訊號處理/電力系統/電力電子,http://www2.ee.ncu.edu.tw/
0008,公立,一般大學,國立中央大學,07,工程、製造及營建,071,工程及工程業,0714,電機與電子工程,07141055,電機工程學系,專任,教授,廖益弘,電力電子/切換式電源供應器/DSP/MCU/FPGA數位控制,http://www2.ee.ncu.edu.tw/
0008,公立,一般大學,國立中央大學,07,工程、製造及營建,071,工程及工程業,0714,電機與電子工程,07141055,電機工程學系,專任,教授,綦振瀛,三五族半導體材料與元件/光電元件/高速元件,http://www2.ee.ncu.edu.tw/
0008,公立,一般大學,國立中央大學,07,工程、製造及營建,071,工程及工程業,0714,電機與電子工程,07141055,電機工程學系,專任,教授,蔡宗漢,人工智慧軟硬體系統設計，VLSI/SoC電路設計，嵌入式多媒體系統,http://www2.ee.ncu.edu.tw/
0008,公立,一般大學,國立中央大學,07,工程、製造及營建,071,工程及工程業,0714,電機與電子工程,07141055,電機工程學系,專任,教授,鄭國興,數位積體電路設計/半導體元件/類比積體電路設計,http://www2.ee.ncu.edu.tw/
0008,公立,一般大學,國立中央大學,07,工程、製造及營建,071,工程及工程業,0714,電機與電子工程,07141055,電機工程學系,專任,教授,凃文化,微波電路/天線工程,http://www2.ee.ncu.edu.tw/
0008,公立,一般大學,國立中央大學,07,工程、製造及營建,071,工程及工程業,0714,電機與電子工程,07141055,電機工程學系,專任,副教授,吳俊緯,先進控制理論與應用/機器人設計與控制/精密量測系統設計與控制,http://www2.ee.ncu.edu.tw/
0008,公立,一般大學,國立中央大學,07,工程、製造及營建,071,工程及工程業,0714,電機與電子工程,07141055,電機工程學系,專任,副教授,杜長慶,化合物半導體/半導體奈米材料/生醫與綠色能源,http://www2.ee.ncu.edu.tw/
0008,公立,一般大學,國立中央大學,07,工程、製造及營建,071,工程及工程業,0714,電機與電子工程,07141055,電機工程學系,專任,副教授,周求致,電磁相容/信號與電源完整度/巨觀建模/數值分析,http://www2.ee.ncu.edu.tw/
0008,公立,一般大學,國立中央大學,07,工程、製造及營建,071,工程及工程業,0714,電機與電子工程,07141055,電機工程學系,專任,副教授,許鈞瓏,深度學習加速引擎晶片系統設計/生成式 AI 晶片設計,http://www2.ee.ncu.edu.tw/
0008,公立,一般大學,國立中央大學,07,工程、製造及營建,071,工程及工程業,0714,電機與電子工程,07141055,電機工程學系,專任,副教授,傅家相,射頻積體電路設計/微波電路,http://www2.ee.ncu.edu.tw/
0008,公立,一般大學,國立中央大學,07,工程、製造及營建,071,工程及工程業,0714,電機與電子工程,07141055,電機工程學系,專任,副教授,蔡章仁,訊號及影像處理/生醫感測/智慧醫療,http://www2.ee.ncu.edu.tw/
0008,公立,一般大學,國立中央大學,07,工程、製造及營建,071,工程及工程業,0714,電機與電子工程,07141055,電機工程學系,專任,副教授,薛木添,Signal Processing and System Design,http://www2.ee.ncu.edu.tw/
0008,公立,一般大學,國立中央大學,07,工程、製造及營建,071,工程及工程業,0714,電機與電子工程,07141055,電機工程學系,專任,副教授,龔存雄,生醫系統設計、電子儀表、感測與轉換、混訊積體電路工程、車載訊號分析,http://www2.ee.ncu.edu.tw/
0008,公立,一般大學,國立中央大學,07,工程、製造及營建,071,工程及工程業,0714,電機與電子工程,07141055,電機工程學系,專任,助理教授,姚毓峰,化合物半導體磊晶/氮化鎵功率半導體/半導體材料分析,http://www2.ee.ncu.edu.tw/
0008,公立,一般大學,國立中央大學,07,工程、製造及營建,071,工程及工程業,0714,電機與電子工程,07141055,電機工程學系,專任,助理教授,唐英瓚,半導體高介電材料、鐵電非揮發性記憶體與低功耗元件、新興半導體材料計算,http://www2.ee.ncu.edu.tw/
0008,公立,一般大學,國立中央大學,07,工程、製造及營建,071,工程及工程業,0714,電機與電子工程,07141055,電機工程學系,專任,助理教授,歐陽良昱,雷達系統/微波電路/天線/表面電漿子學/新穎材料,http://www2.ee.ncu.edu.tw/
0008,公立,一般大學,國立中央大學,07,工程、製造及營建,071,工程及工程業,0714,電機與電子工程,07141055,電機工程學系,兼任,教授,廖原煌,雷射、光電系統,http://www2.ee.ncu.edu.tw/
0008,公立,一般大學,國立中央大學,07,工程、製造及營建,071,工程及工程業,0714,電機與電子工程,07141055,電機工程學系,兼任,教授,蔡佩芸,通訊數位訊號處理與積體電路設計、合成孔徑雷達訊號處理與積體電路設計,http://www2.ee.ncu.edu.tw/
0008,公立,一般大學,國立中央大學,07,工程、製造及營建,071,工程及工程業,0714,電機與電子工程,07141055,電機工程學系,兼任,副教授,李依珊,半導體奈米結構、單光子源、單光子偵測器、共振腔量子電動力學,http://www2.ee.ncu.edu.tw/
0008,公立,一般大學,國立中央大學,07,工程、製造及營建,071,工程及工程業,0714,電機與電子工程,07141055,電機工程學系,兼任,副教授,李龍豪,自然語言處理、醫療語言理解、生醫健康資訊、資訊檢索與擷取、網路資料探勘,http://www2.ee.ncu.edu.tw/
0008,公立,一般大學,國立中央大學,07,工程、製造及營建,071,工程及工程業,0714,電機與電子工程,07141055,電機工程學系,兼任,副教授,謝易叡,類神經網路計算元件設計/操作/應用、高集成電阻式記憶體設計/操作/應用,http://www2.ee.ncu.edu.tw/
0008,公立,一般大學,國立中央大學,07,工程、製造及營建,071,工程及工程業,0714,電機與電子工程,07141055,電機工程學系,兼任,助理教授,夏勤,線性/非線性控制器設計、醫療影像/超音波系統工程,http://www2.ee.ncu.edu.tw/
0008,公立,一般大學,國立中央大學,07,工程、製造及營建,071,工程及工程業,0714,電機與電子工程,07141057,光電科學與工程學系,專任,副教授,梁肇文,"光學檢測,光學系統設計,繞射元件設計",http://www.dop.ncu.edu.tw/
0008,公立,一般大學,國立中央大學,07,工程、製造及營建,071,工程及工程業,0714,電機與電子工程,07141057,光電科學與工程學系,專任,教授,王智明,奈微米光學系統，表面電漿子學，超穎材料應用,http://www.dop.ncu.edu.tw/
0008,公立,一般大學,國立中央大學,07,工程、製造及營建,071,工程及工程業,0714,電機與電子工程,07141057,光電科學與工程學系,專任,教授,孫文信,"光學設計,光學系統設計,鏡頭設計,LED照明設計",http://www.dop.ncu.edu.tw/
0008,公立,一般大學,國立中央大學,07,工程、製造及營建,071,工程及工程業,0714,電機與電子工程,07141057,光電科學與工程學系,專任,教授,孫慶成,"LED固態照明光學,照明光學設計,顯示光學",http://www.dop.ncu.edu.tw/
0008,公立,一般大學,國立中央大學,07,工程、製造及營建,071,工程及工程業,0714,電機與電子工程,07141057,光電科學與工程學系,專任,教授,張殷榮,"奈米尺度介電質,光連結,奈米光子,積體光學",http://www.dop.ncu.edu.tw/
0008,公立,一般大學,國立中央大學,07,工程、製造及營建,071,工程及工程業,0714,電機與電子工程,07141057,光電科學與工程學系,專任,教授,張勝雄,鈣鈦礦光電元件物理、電漿子元件及數值模擬、光譜量測分析技術,http://www.dop.ncu.edu.tw/
0008,公立,一般大學,國立中央大學,07,工程、製造及營建,071,工程及工程業,0714,電機與電子工程,07141057,光電科學與工程學系,專任,教授,張瑞芬,"有機電晶體,有機發光元件",http://www.dop.ncu.edu.tw/
0008,公立,一般大學,國立中央大學,07,工程、製造及營建,071,工程及工程業,0714,電機與電子工程,07141057,光電科學與工程學系,專任,教授,陳昇暉,"薄膜太陽能電池,奈米光學薄膜,DWDM 光學濾光",http://www.dop.ncu.edu.tw/
0008,公立,一般大學,國立中央大學,07,工程、製造及營建,071,工程及工程業,0714,電機與電子工程,07141057,光電科學與工程學系,專任,教授,陳彥宏,"非線性光學,積體波導雷射元件,微晶片固態雷射",http://www.dop.ncu.edu.tw/
0008,公立,一般大學,國立中央大學,07,工程、製造及營建,071,工程及工程業,0714,電機與電子工程,07141057,光電科學與工程學系,專任,教授,陳思妤,"非線性光學,光學顯微系統,生醫光學影像",http://www.dop.ncu.edu.tw/
0008,公立,一般大學,國立中央大學,07,工程、製造及營建,071,工程及工程業,0714,電機與電子工程,07141057,光電科學與工程學系,專任,教授,陳啟昌,"光子晶體之理論分析,元件設計與製作,微光學元件系統",http://www.dop.ncu.edu.tw/
0008,公立,一般大學,國立中央大學,07,工程、製造及營建,071,工程及工程業,0714,電機與電子工程,07141057,光電科學與工程學系,專任,教授,鄭恪亭,液晶物理,http://www.dop.ncu.edu.tw/
0008,公立,一般大學,國立中央大學,07,工程、製造及營建,071,工程及工程業,0714,電機與電子工程,07141057,光電科學與工程學系,專任,教授,賴昆佑,"氮化物光電元件磊晶與製程：LED,太陽能電池,雷射",http://www.dop.ncu.edu.tw/
0008,公立,一般大學,國立中央大學,07,工程、製造及營建,071,工程及工程業,0714,電機與電子工程,07141057,光電科學與工程學系,專任,教授,戴朝義,"積體光學,非線性光學,雷射物理,超快現象",http://www.dop.ncu.edu.tw/
0008,公立,一般大學,國立中央大學,07,工程、製造及營建,071,工程及工程業,0714,電機與電子工程,07141057,光電科學與工程學系,專任,教授,鍾德元,"雷射物理工程,固態雷射,雷射系統設計,熱管理",http://www.dop.ncu.edu.tw/
0008,公立,一般大學,國立中央大學,07,工程、製造及營建,071,工程及工程業,0714,電機與電子工程,07141057,光電科學與工程學系,專任,教授,簡汎清,"光學生醫影像資訊,單分子生物物理,電漿子光學雷射光譜",http://www.dop.ncu.edu.tw/
0008,公立,一般大學,國立中央大學,07,工程、製造及營建,071,工程及工程業,0714,電機與電子工程,07141057,光電科學與工程學系,專任,副教授,余業緯,全像儲存、全像顯示、體積全像光學元件、光學共軛術、數位光學技術,http://www.dop.ncu.edu.tw/
0008,公立,一般大學,國立中央大學,07,工程、製造及營建,071,工程及工程業,0714,電機與電子工程,07141057,光電科學與工程學系,專任,副教授,郭倩丞,"光學薄膜,透明導電膜及石墨烯製鍍與分析,真空設備",http://www.dop.ncu.edu.tw/
0008,公立,一般大學,國立中央大學,07,工程、製造及營建,071,工程及工程業,0714,電機與電子工程,07141057,光電科學與工程學系,專任,副教授,陳怡君,"生醫影像檢測,核醫影像儀器,醫學影像處理",http://www.dop.ncu.edu.tw/
0008,公立,一般大學,國立中央大學,07,工程、製造及營建,071,工程及工程業,0714,電機與電子工程,07141057,光電科學與工程學系,專任,副教授,欒丕綱,"光子晶體,聲子晶體,負折射率",http://www.dop.ncu.edu.tw/
0008,公立,一般大學,國立中央大學,07,工程、製造及營建,071,工程及工程業,0714,電機與電子工程,07141057,光電科學與工程學系,專任,助理教授,蔡秉儒,量子光學; 量子通訊; 量子感測,http://www.dop.ncu.edu.tw/
0008,公立,一般大學,國立中央大學,07,工程、製造及營建,071,工程及工程業,0714,電機與電子工程,07141057,光電科學與工程學系,兼任,教授,李正中,"薄膜光學,真空鍍膜技術,薄膜之光學特性分析",http://www.dop.ncu.edu.tw/
0008,公立,一般大學,國立中央大學,07,工程、製造及營建,071,工程及工程業,0714,電機與電子工程,07141057,光電科學與工程學系,兼任,教授,紀國鐘,光電半導體,http://www.dop.ncu.edu.tw/
0008,公立,一般大學,國立中央大學,07,工程、製造及營建,071,工程及工程業,0714,電機與電子工程,07141057,光電科學與工程學系,兼任,教授,馬哈俊,光學設計,http://www.dop.ncu.edu.tw/
0008,公立,一般大學,國立中央大學,07,工程、製造及營建,071,工程及工程業,0714,電機與電子工程,07141057,光電科學與工程學系,兼任,教授,張正陽,"奈微米光學,光電材料,固態照明,太陽能電池",http://www.dop.ncu.edu.tw/
0008,公立,一般大學,國立中央大學,07,工程、製造及營建,071,工程及工程業,0714,電機與電子工程,07141057,光電科學與工程學系,兼任,教授,游漢輝,"光學訊號處理,全像光學應用,光折變光學應用,生醫影像",http://www.dop.ncu.edu.tw/
0008,公立,一般大學,國立中央大學,07,工程、製造及營建,071,工程及工程業,0714,電機與電子工程,07141057,光電科學與工程學系,兼任,教授,鄭益祥,"光學資訊處理,全像術,干涉光學,物理光學",http://www.dop.ncu.edu.tw/
0008,公立,一般大學,國立中央大學,07,工程、製造及營建,071,工程及工程業,0714,電機與電子工程,07141057,光電科學與工程學系,兼任,副教授,王培勳,超快及非線性光學，光脈衝及任意波產生、晶載光波導、微共振腔，光學通訊,http://www.dop.ncu.edu.tw/
0008,公立,一般大學,國立中央大學,07,工程、製造及營建,071,工程及工程業,0714,電機與電子工程,07141057,光電科學與工程學系,兼任,副教授,吳星佑,光學系統設計、加工、檢測、組裝、系統驗證,http://www.dop.ncu.edu.tw/
0008,公立,一般大學,國立中央大學,07,工程、製造及營建,071,工程及工程業,0714,電機與電子工程,07141057,光電科學與工程學系,兼任,副教授,李耀昌,同步輻射紅外光譜顯微術、傅立葉轉換紅外光譜學、拉曼光譜學,http://www.dop.ncu.edu.tw/
0008,公立,一般大學,國立中央大學,07,工程、製造及營建,071,工程及工程業,0714,電機與電子工程,07141057,光電科學與工程學系,兼任,助理教授,林睿瑛,ASAP光機模擬,http://www.dop.ncu.edu.tw/
0008,公立,一般大學,國立中央大學,07,工程、製造及營建,071,工程及工程業,0714,電機與電子工程,07141060,通訊工程學系,專任,教授,古孟霖,"無線通訊,訊號處理,最佳化理論",http://www.ce.ncu.edu.tw/ce/
0008,公立,一般大學,國立中央大學,07,工程、製造及營建,071,工程及工程業,0714,電機與電子工程,07141060,通訊工程學系,專任,教授,吳中實,"無線網路,寬頻網路,行動通訊",http://www.ce.ncu.edu.tw/ce/
0008,公立,一般大學,國立中央大學,07,工程、製造及營建,071,工程及工程業,0714,電機與電子工程,07141060,通訊工程學系,專任,教授,林嘉慶,"無線通訊,正交頻分多工,檢測與估計理論,同步技術",http://www.ce.ncu.edu.tw/ce/
0008,公立,一般大學,國立中央大學,07,工程、製造及營建,071,工程及工程業,0714,電機與電子工程,07141060,通訊工程學系,專任,教授,胡誌麟,"行動計算,數位家庭,網際網路技術",http://www.ce.ncu.edu.tw/ce/
0008,公立,一般大學,國立中央大學,07,工程、製造及營建,071,工程及工程業,0714,電機與電子工程,07141060,通訊工程學系,專任,教授,張大中,"MIMO無線通訊,調適性訊號估計,通訊實體層設計",http://www.ce.ncu.edu.tw/ce/
0008,公立,一般大學,國立中央大學,07,工程、製造及營建,071,工程及工程業,0714,電機與電子工程,07141060,通訊工程學系,專任,教授,許獻聰,"高速網路,演算法設計,通訊協定設計",http://www.ce.ncu.edu.tw/ce/
0008,公立,一般大學,國立中央大學,07,工程、製造及營建,071,工程及工程業,0714,電機與電子工程,07141060,通訊工程學系,專任,教授,陳永芳,"無線通訊系統,適應性訊號處理",http://www.ce.ncu.edu.tw/ce/
0008,公立,一般大學,國立中央大學,07,工程、製造及營建,071,工程及工程業,0714,電機與電子工程,07141060,通訊工程學系,專任,教授,陳彥文,"行動寬頻網路,智慧型載具軟體設計,網路服務與品質管理",http://www.ce.ncu.edu.tw/ce/
0008,公立,一般大學,國立中央大學,07,工程、製造及營建,071,工程及工程業,0714,電機與電子工程,07141060,通訊工程學系,專任,教授,黃志煒,無線網路、多媒體通訊、機器學習、數位信號處理,http://www.ce.ncu.edu.tw/ce/
0008,公立,一般大學,國立中央大學,07,工程、製造及營建,071,工程及工程業,0714,電機與電子工程,07141060,通訊工程學系,專任,教授,鄭經斅,偏微分方程、流體力學、自由邊界問題,http://www.ce.ncu.edu.tw/ce/
0008,公立,一般大學,國立中央大學,07,工程、製造及營建,071,工程及工程業,0714,電機與電子工程,07141060,通訊工程學系,專任,教授,魏瑞益,"錯誤控制碼,編碼調變,非同調檢測",http://www.ce.ncu.edu.tw/ce/
0008,公立,一般大學,國立中央大學,07,工程、製造及營建,071,工程及工程業,0714,電機與電子工程,07141060,通訊工程學系,專任,副教授,唐之瑋,video coding、image/video processing,http://www.ce.ncu.edu.tw/ce/
0008,公立,一般大學,國立中央大學,07,工程、製造及營建,071,工程及工程業,0714,電機與電子工程,07141060,通訊工程學系,專任,副教授,陳昱嘉,網路安全、人工智慧、行動通訊網路,http://www.ce.ncu.edu.tw/ce/
0008,公立,一般大學,國立中央大學,07,工程、製造及營建,071,工程及工程業,0714,電機與電子工程,07141060,通訊工程學系,專任,副教授,陳逸民,"通訊系統,可適性訊號處理,陣列天線訊號處理",http://www.ce.ncu.edu.tw/ce/
0008,公立,一般大學,國立中央大學,07,工程、製造及營建,071,工程及工程業,0714,電機與電子工程,07141060,通訊工程學系,專任,助理教授,白承祐,通訊序列設計、編碼理論、數位通訊,http://www.ce.ncu.edu.tw/ce/
0008,公立,一般大學,國立中央大學,07,工程、製造及營建,071,工程及工程業,0714,電機與電子工程,07141060,通訊工程學系,專任,助理教授,沈立翔,無線網路通訊系統、通訊協定、三維網路、最佳化演算法、人工智慧與機器學習,http://www.ce.ncu.edu.tw/ce/
0008,公立,一般大學,國立中央大學,07,工程、製造及營建,071,工程及工程業,0714,電機與電子工程,07141060,通訊工程學系,兼任,教授,林銀議,"數位訊號處理,視訊/影像編碼,編碼理論,磁紀錄信號處理",http://www.ce.ncu.edu.tw/ce/
0008,公立,一般大學,國立中央大學,07,工程、製造及營建,071,工程及工程業,0714,電機與電子工程,07141060,通訊工程學系,兼任,教授,張寶基,"訊號壓縮,數位信號處理,多媒體網路",http://www.ce.ncu.edu.tw/ce/
0008,公立,一般大學,國立中央大學,07,工程、製造及營建,071,工程及工程業,0714,電機與電子工程,07141060,通訊工程學系,兼任,講師,余聲旺,"NGN與5G網路架構與信號分析,網路通訊協定與效能評估",http://www.ce.ncu.edu.tw/ce/
0008,公立,一般大學,國立中央大學,07,工程、製造及營建,071,工程及工程業,0714,電機與電子工程,07141077,資訊電機學院學士班,專任,教授,李柏磊,數位訊號處理/影像處理/智慧生醫系統/人工智慧,http://www.ipeecs.ncu.edu.tw/ipeecs/zh/
0008,公立,一般大學,國立中央大學,07,工程、製造及營建,071,工程及工程業,0714,電機與電子工程,07141077,資訊電機學院學士班,專任,副教授,陳聿廣,電子設計自動化/可靠及考量老化的晶片設計及優化,http://www.ipeecs.ncu.edu.tw/ipeecs/zh/
0008,公立,一般大學,國立中央大學,07,工程、製造及營建,071,工程及工程業,0715,機械工程,07151064,機械工程學系,專任,教授,王淵弘,訊號處理、計算流體力學、數值分析、數據結構、軟體工程、生物醫學工程,http://www.me.ncu.edu.tw/
0008,公立,一般大學,國立中央大學,07,工程、製造及營建,071,工程及工程業,0715,機械工程,07151064,機械工程學系,專任,教授,何正榮,"熱傳流體力學,熱流計算數值模型,雷射精密製程與材料",http://www.me.ncu.edu.tw/
0008,公立,一般大學,國立中央大學,07,工程、製造及營建,071,工程及工程業,0715,機械工程,07151064,機械工程學系,專任,教授,吳育仁,工程最佳化、機械傳動及流體機器設計、機械動力學、創意設計,http://www.me.ncu.edu.tw/
0008,公立,一般大學,國立中央大學,07,工程、製造及營建,071,工程及工程業,0715,機械工程,07151064,機械工程學系,專任,教授,李天錫,半導體晶圓鍵合科學與技術奈米單晶薄膜轉移科學與技術,http://www.me.ncu.edu.tw/
0008,公立,一般大學,國立中央大學,07,工程、製造及營建,071,工程及工程業,0715,機械工程,07151064,機械工程學系,專任,教授,李朱育,雷射干涉術 白光干涉術 光電技術與量測 光電信號,http://www.me.ncu.edu.tw/
0008,公立,一般大學,國立中央大學,07,工程、製造及營建,071,工程及工程業,0715,機械工程,07151064,機械工程學系,專任,教授,林志光,疲勞與破壞.應力分析.材料機械性質.元件破損分析.,http://www.me.ncu.edu.tw/
0008,公立,一般大學,國立中央大學,07,工程、製造及營建,071,工程及工程業,0715,機械工程,07151064,機械工程學系,專任,教授,林智揚,機器學習、深度學習、電腦視覺、影像處理、人機互動、訊號處理,http://www.me.ncu.edu.tw/
0008,公立,一般大學,國立中央大學,07,工程、製造及營建,071,工程及工程業,0715,機械工程,07151064,機械工程學系,專任,教授,施聖洋,固態氧化物燃料電池.小型可攜式熱電元件電源產生器,http://www.me.ncu.edu.tw/
0008,公立,一般大學,國立中央大學,07,工程、製造及營建,071,工程及工程業,0715,機械工程,07151064,機械工程學系,專任,教授,洪榮洲,精密電化學加工、放電加工、微結構加工、模具設計、金屬表面處理,http://www.me.ncu.edu.tw/
0008,公立,一般大學,國立中央大學,07,工程、製造及營建,071,工程及工程業,0715,機械工程,07151064,機械工程學系,專任,教授,曹嘉文,微流體、生物晶片、生物感測技術、微機電系統,http://www.me.ncu.edu.tw/
0008,公立,一般大學,國立中央大學,07,工程、製造及營建,071,工程及工程業,0715,機械工程,07151064,機械工程學系,專任,教授,陳奇夆,光纖通訊、非線性光學、微光機電光學設計、光機電系統,http://www.me.ncu.edu.tw/
0008,公立,一般大學,國立中央大學,07,工程、製造及營建,071,工程及工程業,0715,機械工程,07151064,機械工程學系,專任,教授,陳怡呈,齒輪設計分析.光學機構設計.太陽能聚光模組光機設計,http://www.me.ncu.edu.tw/
0008,公立,一般大學,國立中央大學,07,工程、製造及營建,071,工程及工程業,0715,機械工程,07151064,機械工程學系,專任,教授,傅尹坤,適應性光學系統應用、近場電紡織技術製備,http://www.me.ncu.edu.tw/
0008,公立,一般大學,國立中央大學,07,工程、製造及營建,071,工程及工程業,0715,機械工程,07151064,機械工程學系,專任,教授,黃以玫,振動、聲學、振動控制、噪音控制、動態系統設計,http://www.me.ncu.edu.tw/
0008,公立,一般大學,國立中央大學,07,工程、製造及營建,071,工程及工程業,0715,機械工程,07151064,機械工程學系,專任,教授,黃衍任,自動控制、五軸CAD/CAM軟體研發,http://www.me.ncu.edu.tw/
0008,公立,一般大學,國立中央大學,07,工程、製造及營建,071,工程及工程業,0715,機械工程,07151064,機械工程學系,專任,教授,楊建裕,熱交換器設計.熱管技術.熱傳增強技術,http://www.me.ncu.edu.tw/
0008,公立,一般大學,國立中央大學,07,工程、製造及營建,071,工程及工程業,0715,機械工程,07151064,機械工程學系,專任,教授,潘敏俊,"感測技術,醫電訊號分析,生醫檢測診斷,生醫光電",http://www.me.ncu.edu.tw/
0008,公立,一般大學,國立中央大學,07,工程、製造及營建,071,工程及工程業,0715,機械工程,07151064,機械工程學系,專任,教授,蕭述三,淨煤技術、製藥工程、能源科技、粉粒體技術,http://www.me.ncu.edu.tw/
0008,公立,一般大學,國立中央大學,07,工程、製造及營建,071,工程及工程業,0715,機械工程,07151064,機械工程學系,專任,教授,鍾雲吉,科學與工程學,http://www.me.ncu.edu.tw/
0008,公立,一般大學,國立中央大學,07,工程、製造及營建,071,工程及工程業,0715,機械工程,07151064,機械工程學系,專任,副教授,伊泰龍,Mechanical design of medical robots,http://www.me.ncu.edu.tw/
0008,公立,一般大學,國立中央大學,07,工程、製造及營建,071,工程及工程業,0715,機械工程,07151064,機械工程學系,專任,副教授,林立岡,非線性分析、狀態相關(微分型式)Riccati方程式、智慧型自動化,http://www.me.ncu.edu.tw/
0008,公立,一般大學,國立中央大學,07,工程、製造及營建,071,工程及工程業,0715,機械工程,07151064,機械工程學系,專任,副教授,崔海平,放電加工.電化學加工.精密製造.電腦整合製造.風能測試驗證技術,http://www.me.ncu.edu.tw/
0008,公立,一般大學,國立中央大學,07,工程、製造及營建,071,工程及工程業,0715,機械工程,07151064,機械工程學系,專任,副教授,陳世叡,"微機電系統(MEMS),壓電感測器與致動器,微電磁",http://www.me.ncu.edu.tw/
0008,公立,一般大學,國立中央大學,07,工程、製造及營建,071,工程及工程業,0715,機械工程,07151064,機械工程學系,專任,副教授,曾有志,金屬基複合材料、生醫鎂合金、複合泡沫金屬 、熱鍛加工、抗彈材料,http://www.me.ncu.edu.tw/
0008,公立,一般大學,國立中央大學,07,工程、製造及營建,071,工程及工程業,0715,機械工程,07151064,機械工程學系,專任,副教授,廖昭仰,雙光子聚合微製造、CAD/CAM、快速原型,http://www.me.ncu.edu.tw/
0008,公立,一般大學,國立中央大學,07,工程、製造及營建,071,工程及工程業,0715,機械工程,07151064,機械工程學系,專任,副教授,廖展誼,彈性力學、固體力學、波動力學、振動分析、板殼理論,http://www.me.ncu.edu.tw/
0008,公立,一般大學,國立中央大學,07,工程、製造及營建,071,工程及工程業,0715,機械工程,07151064,機械工程學系,專任,副教授,蔡錫錚,"產品設計方法-減速機設計自動化,設計行為",http://www.me.ncu.edu.tw/
0008,公立,一般大學,國立中央大學,07,工程、製造及營建,071,工程及工程業,0715,機械工程,07151064,機械工程學系,專任,副教授,鍾禎元,肌骨生物力學、CAE二次開發、振動學、射出成型,http://www.me.ncu.edu.tw/
0008,公立,一般大學,國立中央大學,07,工程、製造及營建,071,工程及工程業,0715,機械工程,07151064,機械工程學系,專任,助理教授,王立仁,電腦輔助語言教學、高等教育EMI、數位學習、科學教育,http://www.me.ncu.edu.tw/
0008,公立,一般大學,國立中央大學,07,工程、製造及營建,071,工程及工程業,0715,機械工程,07151064,機械工程學系,專任,助理教授,林苑婷,人工智慧與應用、機電系統整合、系統動態與控制、車輛動態與控制,http://www.me.ncu.edu.tw/
0008,公立,一般大學,國立中央大學,07,工程、製造及營建,071,工程及工程業,0715,機械工程,07151064,機械工程學系,專任,助理教授,林錦德,物聯網製造.訊號處理.軟體工程.最佳設計.專利工程.有限元素分析.,http://www.me.ncu.edu.tw/
0008,公立,一般大學,國立中央大學,07,工程、製造及營建,071,工程及工程業,0715,機械工程,07151064,機械工程學系,專任,助理教授,邱德耀,固液二相流、可壓縮二相流、數值方法、紊流、資料驅動分析方法,http://www.me.ncu.edu.tw/
0008,公立,一般大學,國立中央大學,07,工程、製造及營建,071,工程及工程業,0715,機械工程,07151064,機械工程學系,專任,助理教授,張賢廷,感測器融合、機電整合、人機互動、機械手臂、先進夾爪、機器人、無人機,http://www.me.ncu.edu.tw/
0008,公立,一般大學,國立中央大學,07,工程、製造及營建,071,工程及工程業,0715,機械工程,07151064,機械工程學系,專任,助理教授,陳翔傑,電腦視覺、智慧型機器人、多軸飛行器、人工智慧應用,http://www.me.ncu.edu.tw/
0008,公立,一般大學,國立中央大學,07,工程、製造及營建,071,工程及工程業,0715,機械工程,07151064,機械工程學系,專任,助理教授,楊燕枝,"創新與科技管理,創造力,創業管理",http://www.me.ncu.edu.tw/
0008,公立,一般大學,國立中央大學,07,工程、製造及營建,071,工程及工程業,0715,機械工程,07151064,機械工程學系,兼任,教授,李泉,Cell Mechanics Stability,http://www.me.ncu.edu.tw/
0008,公立,一般大學,國立中央大學,07,工程、製造及營建,071,工程及工程業,0715,機械工程,07151064,機械工程學系,兼任,教授,葉維磬,金屬成型分析、金屬成型實驗、塑性力學,http://www.me.ncu.edu.tw/
0008,公立,一般大學,國立中央大學,07,工程、製造及營建,071,工程及工程業,0715,機械工程,07151064,機械工程學系,兼任,副教授,吳俊諆,電子散熱、計算流體力學、微尺度熱流、太陽能集光器,http://www.me.ncu.edu.tw/
0008,公立,一般大學,國立中央大學,07,工程、製造及營建,071,工程及工程業,0719,其他工程及工程業,07191026,工業管理研究所,專任,教授,何應欽,Operations Management,https://ia.mgt.ncu.edu.tw/
0008,公立,一般大學,國立中央大學,07,工程、製造及營建,071,工程及工程業,0719,其他工程及工程業,07191026,工業管理研究所,專任,教授,沈國基,Logistics and Channel,https://ia.mgt.ncu.edu.tw/
0008,公立,一般大學,國立中央大學,07,工程、製造及營建,071,工程及工程業,0719,其他工程及工程業,07191026,工業管理研究所,專任,教授,林唐煌,"氣膠遙測,大氣輻射,環境遙測與災害偵測",https://ia.mgt.ncu.edu.tw/
0008,公立,一般大學,國立中央大學,07,工程、製造及營建,071,工程及工程業,0719,其他工程及工程業,07191026,工業管理研究所,專任,教授,洪盟凱,偏微分方程,https://ia.mgt.ncu.edu.tw/
0008,公立,一般大學,國立中央大學,07,工程、製造及營建,071,工程及工程業,0719,其他工程及工程業,07191026,工業管理研究所,專任,教授,陳振明,Inventory Control,https://ia.mgt.ncu.edu.tw/
0008,公立,一般大學,國立中央大學,07,工程、製造及營建,071,工程及工程業,0719,其他工程及工程業,07191026,工業管理研究所,專任,副教授,王啟泰,Supply Chain Management,https://ia.mgt.ncu.edu.tw/
0008,公立,一般大學,國立中央大學,07,工程、製造及營建,071,工程及工程業,0719,其他工程及工程業,07191026,工業管理研究所,專任,副教授,葉英傑,Stochastic Simulation,https://ia.mgt.ncu.edu.tw/
0008,公立,一般大學,國立中央大學,07,工程、製造及營建,071,工程及工程業,0719,其他工程及工程業,07191026,工業管理研究所,專任,助理教授,曾富祥,Data Management,https://ia.mgt.ncu.edu.tw/
0008,公立,一般大學,國立中央大學,07,工程、製造及營建,071,工程及工程業,0719,其他工程及工程業,07191026,工業管理研究所,兼任,助理教授,胡中興,人工智慧 (Artificial Intelligence),https://ia.mgt.ncu.edu.tw/
0008,公立,一般大學,國立中央大學,07,工程、製造及營建,071,工程及工程業,0719,其他工程及工程業,07193074,生醫科學與工程學系,專任,教授,王孫崇,"微陣列分析,表觀基因體學,基因體學",https://ncu.edu.tw/dbse/tw/index.php
0008,公立,一般大學,國立中央大學,07,工程、製造及營建,071,工程及工程業,0719,其他工程及工程業,07193074,生醫科學與工程學系,專任,教授,李宇翔,"細胞/組織工程,基因轉殖,生物反應器,醫學分子檢驗",https://ncu.edu.tw/dbse/tw/index.php
0008,公立,一般大學,國立中央大學,07,工程、製造及營建,071,工程及工程業,0719,其他工程及工程業,07193074,生醫科學與工程學系,專任,教授,林澂,醫學生理學、醫學訊號分析、轉譯醫學,https://ncu.edu.tw/dbse/tw/index.php
0008,公立,一般大學,國立中央大學,07,工程、製造及營建,071,工程及工程業,0719,其他工程及工程業,07193074,生醫科學與工程學系,專任,教授,馬念涵,"癌症生物學,訊息傳遞網路,藥物研發",https://ncu.edu.tw/dbse/tw/index.php
0008,公立,一般大學,國立中央大學,07,工程、製造及營建,071,工程及工程業,0719,其他工程及工程業,07193074,生醫科學與工程學系,專任,教授,陳純娟,"計算神經科學,腦電磁波訊號處理,運動控制",https://ncu.edu.tw/dbse/tw/index.php
0008,公立,一般大學,國立中央大學,07,工程、製造及營建,071,工程及工程業,0719,其他工程及工程業,07193074,生醫科學與工程學系,專任,教授,羅孟宗,生醫訊號與影像處理、非線性系統分析、生醫電子電路設計,https://ncu.edu.tw/dbse/tw/index.php
0008,公立,一般大學,國立中央大學,07,工程、製造及營建,071,工程及工程業,0719,其他工程及工程業,07193074,生醫科學與工程學系,專任,副教授,吳立青,"生物資訊,資料探勘",https://ncu.edu.tw/dbse/tw/index.php
0008,公立,一般大學,國立中央大學,07,工程、製造及營建,071,工程及工程業,0719,其他工程及工程業,07193074,生醫科學與工程學系,專任,副教授,張彙音,生物資訊學、資料探勘、蛋白質/代謝體學之質譜資料分析,https://ncu.edu.tw/dbse/tw/index.php
0008,公立,一般大學,國立中央大學,07,工程、製造及營建,071,工程及工程業,0719,其他工程及工程業,07193074,生醫科學與工程學系,專任,副教授,許藝瓊,腫瘤基因體學、癌轉移及癌症生物學、轉譯醫學研究、次世代定序數據分析,https://ncu.edu.tw/dbse/tw/index.php
0008,公立,一般大學,國立中央大學,07,工程、製造及營建,071,工程及工程業,0719,其他工程及工程業,07193074,生醫科學與工程學系,專任,副教授,陳健章,微機電系統、生醫影像處理、機械學習與資料探勘、固態電子元件,https://ncu.edu.tw/dbse/tw/index.php
0008,公立,一般大學,國立中央大學,07,工程、製造及營建,071,工程及工程業,0719,其他工程及工程業,07193074,生醫科學與工程學系,專任,副教授,黃貞翰,生醫光電、先進光學顯微術、可攜式生醫檢測系統開發,https://ncu.edu.tw/dbse/tw/index.php
0008,公立,一般大學,國立中央大學,07,工程、製造及營建,071,工程及工程業,0719,其他工程及工程業,07193074,生醫科學與工程學系,專任,副教授,黃輝揚,生醫影像處理、電腦輔助醫學診斷、希爾伯特黃,https://ncu.edu.tw/dbse/tw/index.php
0008,公立,一般大學,國立中央大學,07,工程、製造及營建,071,工程及工程業,0719,其他工程及工程業,07193074,生醫科學與工程學系,專任,副教授,楊伯康,奈米生醫材料、能源科技、軟性電子、智慧感測系統,https://ncu.edu.tw/dbse/tw/index.php
0008,公立,一般大學,國立中央大學,07,工程、製造及營建,071,工程及工程業,0719,其他工程及工程業,07193074,生醫科學與工程學系,專任,副教授,劉淑貞,腫瘤微環境、EB病毒與癌症、癌症治療抗性分子機制、癌症轉譯醫學,https://ncu.edu.tw/dbse/tw/index.php
0008,公立,一般大學,國立中央大學,07,工程、製造及營建,071,工程及工程業,0719,其他工程及工程業,07193074,生醫科學與工程學系,專任,副教授,蘇立仁,"生物資訊,基因體,中藥與新藥開發,癌症細胞學",https://ncu.edu.tw/dbse/tw/index.php
0008,公立,一般大學,國立中央大學,07,工程、製造及營建,071,工程及工程業,0719,其他工程及工程業,07193074,生醫科學與工程學系,專任,助理教授,陳靖昀,再生醫學、組織工程學、生醫材料,https://ncu.edu.tw/dbse/tw/index.php
0008,公立,一般大學,國立中央大學,07,工程、製造及營建,071,工程及工程業,0719,其他工程及工程業,07193074,生醫科學與工程學系,兼任,教授,王拔群,耳科顯微手術、平衡障礙、耳鳴、聽力障礙、睡眠呼吸障礙,https://ncu.edu.tw/dbse/tw/index.php
0008,公立,一般大學,國立中央大學,07,工程、製造及營建,071,工程及工程業,0719,其他工程及工程業,07193074,生醫科學與工程學系,兼任,教授,李弘謙,計算生物、遺傳學、生物資訊,https://ncu.edu.tw/dbse/tw/index.php
0008,公立,一般大學,國立中央大學,07,工程、製造及營建,071,工程及工程業,0719,其他工程及工程業,07193074,生醫科學與工程學系,兼任,教授,徐沺,胚胎發育、癌症系統生物學,https://ncu.edu.tw/dbse/tw/index.php
0008,公立,一般大學,國立中央大學,07,工程、製造及營建,071,工程及工程業,0719,其他工程及工程業,07193074,生醫科學與工程學系,兼任,教授,黃群耀,"心臟冠狀動脈血管成型擴張術, 心臟影像學",https://ncu.edu.tw/dbse/tw/index.php
0008,公立,一般大學,國立中央大學,07,工程、製造及營建,071,工程及工程業,0719,其他工程及工程業,07193074,生醫科學與工程學系,兼任,教授,葉秩光,超音波影像與治療、多功能微氣泡/聲學相變液滴/聲敏材料應用,https://ncu.edu.tw/dbse/tw/index.php
0008,公立,一般大學,國立中央大學,07,工程、製造及營建,071,工程及工程業,0719,其他工程及工程業,07193074,生醫科學與工程學系,兼任,教授,簡志誠,"神經科學,分子生物學,基因體學,麻醉醫學,疼痛醫學",https://ncu.edu.tw/dbse/tw/index.php
0008,公立,一般大學,國立中央大學,07,工程、製造及營建,071,工程及工程業,0719,其他工程及工程業,07193074,生醫科學與工程學系,兼任,副教授,李興中,大腸直腸癌、癌症醫學、內視鏡外科醫學,https://ncu.edu.tw/dbse/tw/index.php
0008,公立,一般大學,國立中央大學,07,工程、製造及營建,071,工程及工程業,0719,其他工程及工程業,07193074,生醫科學與工程學系,兼任,副教授,林彥璋,心臟內科,https://ncu.edu.tw/dbse/tw/index.php
0008,公立,一般大學,國立中央大學,07,工程、製造及營建,071,工程及工程業,0719,其他工程及工程業,07193074,生醫科學與工程學系,兼任,副教授,林煜軒,行動健康裝置、網路心理學、生醫訊號分析、成癮科學、睡眠醫學、臨床試驗,https://ncu.edu.tw/dbse/tw/index.php
0008,公立,一般大學,國立中央大學,07,工程、製造及營建,071,工程及工程業,0719,其他工程及工程業,07193074,生醫科學與工程學系,兼任,副教授,張煥禎,管理科學、臨床醫學(內科學、全科學、運動醫學),https://ncu.edu.tw/dbse/tw/index.php
0008,公立,一般大學,國立中央大學,07,工程、製造及營建,071,工程及工程業,0719,其他工程及工程業,07193074,生醫科學與工程學系,兼任,副教授,鄭宇哲,"蛋白質體學,蛋白化學,幹細胞生物學,質譜儀分析",https://ncu.edu.tw/dbse/tw/index.php
0008,公立,一般大學,國立中央大學,07,工程、製造及營建,071,工程及工程業,0719,其他工程及工程業,07193074,生醫科學與工程學系,兼任,講師,林頌凱,運動醫學、預防醫學、中風後復健、兒童復健,https://ncu.edu.tw/dbse/tw/index.php
0008,公立,一般大學,國立中央大學,07,工程、製造及營建,071,工程及工程業,0719,其他工程及工程業,07194076,工學院學士班,專任,教授,黃文昭,"數值分析及可靠度在大地工程之應用,運用地工合成",http://ipe.ec.ncu.edu.tw/
0008,公立,一般大學,國立中央大學,07,工程、製造及營建,071,工程及工程業,0719,其他工程及工程業,07194076,工學院學士班,專任,副教授,黃柏榮,高分子仿生材料、金屬/共價有機框架多孔性材料、 二氧化碳固定技術及轉化,http://ipe.ec.ncu.edu.tw/
0008,公立,一般大學,國立中央大學,07,工程、製造及營建,073,建築及營建工程,0732,營建及土木工程,07321067,土木工程學系,專任,教授,王勇智,鋼筋混凝土結構耐震行為設計與補強,http://www.cv.ncu.edu.tw/
0008,公立,一般大學,國立中央大學,07,工程、製造及營建,073,建築及營建工程,0732,營建及土木工程,07321067,土木工程學系,專任,教授,王瑞斌,加勁擋土設施、工程可靠度分析、地震危害度分析、工程地質,http://www.cv.ncu.edu.tw/
0008,公立,一般大學,國立中央大學,07,工程、製造及營建,073,建築及營建工程,0732,營建及土木工程,07321067,土木工程學系,專任,教授,王韡蒨,混凝土科技、先進材料、混凝土材料品管、再生材料資源化運用,http://www.cv.ncu.edu.tw/
0008,公立,一般大學,國立中央大學,07,工程、製造及營建,073,建築及營建工程,0732,營建及土木工程,07321067,土木工程學系,專任,教授,田永銘,"鹼-骨材反應,異向性岩石之組成律及破壞準則",http://www.cv.ncu.edu.tw/
0008,公立,一般大學,國立中央大學,07,工程、製造及營建,073,建築及營建工程,0732,營建及土木工程,07321067,土木工程學系,專任,教授,朱佳仁,"環境流體力學,風工程學",http://www.cv.ncu.edu.tw/
0008,公立,一般大學,國立中央大學,07,工程、製造及營建,073,建築及營建工程,0732,營建及土木工程,07321067,土木工程學系,專任,教授,吳瑞賢,"非點源模型,土地使用與水資源供應",http://www.cv.ncu.edu.tw/
0008,公立,一般大學,國立中央大學,07,工程、製造及營建,073,建築及營建工程,0732,營建及土木工程,07321067,土木工程學系,專任,教授,李姿瑩,"結構控制,橋梁工程,地震工程",http://www.cv.ncu.edu.tw/
0008,公立,一般大學,國立中央大學,07,工程、製造及營建,073,建築及營建工程,0732,營建及土木工程,07321067,土木工程學系,專任,教授,李顯智,"結構動力學,非線性偏微分方程系統的解析",http://www.cv.ncu.edu.tw/
0008,公立,一般大學,國立中央大學,07,工程、製造及營建,073,建築及營建工程,0732,營建及土木工程,07321067,土木工程學系,專任,教授,周建成,"資料探勘,決策理論,關鍵基礎設施防護,建築資訊模型",http://www.cv.ncu.edu.tw/
0008,公立,一般大學,國立中央大學,07,工程、製造及營建,073,建築及營建工程,0732,營建及土木工程,07321067,土木工程學系,專任,教授,周憲德,"土石流發生機制,顆粒流運動行為,河道沖刷及消能",http://www.cv.ncu.edu.tw/
0008,公立,一般大學,國立中央大學,07,工程、製造及營建,073,建築及營建工程,0732,營建及土木工程,07321067,土木工程學系,專任,教授,林子軒,無線感測、結構健康監測、物聯網等跨領域整合能力,http://www.cv.ncu.edu.tw/
0008,公立,一般大學,國立中央大學,07,工程、製造及營建,073,建築及營建工程,0732,營建及土木工程,07321067,土木工程學系,專任,教授,林遠見,"水文,工程統計,環境時空資料分析",http://www.cv.ncu.edu.tw/
0008,公立,一般大學,國立中央大學,07,工程、製造及營建,073,建築及營建工程,0732,營建及土木工程,07321067,土木工程學系,專任,教授,姚乃嘉,"工期展延分析,工程仲裁,國際工程合約,橋梁管理系統,災害管理系統",http://www.cv.ncu.edu.tw/
0008,公立,一般大學,國立中央大學,07,工程、製造及營建,073,建築及營建工程,0732,營建及土木工程,07321067,土木工程學系,專任,教授,洪汶宜,離心模型試驗技術在大地工程的應用、加勁土壤結構分析與動態行為,http://www.cv.ncu.edu.tw/
0008,公立,一般大學,國立中央大學,07,工程、製造及營建,073,建築及營建工程,0732,營建及土木工程,07321067,土木工程學系,專任,教授,張瑞宏,"數值模擬,有限元素法,破壞力學",http://www.cv.ncu.edu.tw/
0008,公立,一般大學,國立中央大學,07,工程、製造及營建,073,建築及營建工程,0732,營建及土木工程,07321067,土木工程學系,專任,教授,許協隆,鋼結構非線性理論分析及耐震設計,http://www.cv.ncu.edu.tw/
0008,公立,一般大學,國立中央大學,07,工程、製造及營建,073,建築及營建工程,0732,營建及土木工程,07321067,土木工程學系,專任,教授,陳介豪,"計算型智慧與人機互動工程,工程財務成本控制,人資及不動產物業管理",http://www.cv.ncu.edu.tw/
0008,公立,一般大學,國立中央大學,07,工程、製造及營建,073,建築及營建工程,0732,營建及土木工程,07321067,土木工程學系,專任,教授,陳世晃,"人工智慧在需求預測上的運用,電子化系統在土木相關領域之應用、鋪面工程",http://www.cv.ncu.edu.tw/
0008,公立,一般大學,國立中央大學,07,工程、製造及營建,073,建築及營建工程,0732,營建及土木工程,07321067,土木工程學系,專任,教授,陳惠國,運輸規劃、供應鏈網路與物流規劃、運輸業經營績效之評估、結構方程模式,http://www.cv.ncu.edu.tw/
0008,公立,一般大學,國立中央大學,07,工程、製造及營建,073,建築及營建工程,0732,營建及土木工程,07321067,土木工程學系,專任,教授,黃俊鴻,"地盤受震反應分析,基樁工程,土壤液化",http://www.cv.ncu.edu.tw/
0008,公立,一般大學,國立中央大學,07,工程、製造及營建,073,建築及營建工程,0732,營建及土木工程,07321067,土木工程學系,專任,教授,黃偉慶,"鋪面分析,工業廢棄物資源化,放射性廢料最終處置障壁材料",http://www.cv.ncu.edu.tw/
0008,公立,一般大學,國立中央大學,07,工程、製造及營建,073,建築及營建工程,0732,營建及土木工程,07321067,土木工程學系,專任,教授,楊智斌,"營建管理與專案管理,專案排程與延遲分析,成效式契約,知識管理",http://www.cv.ncu.edu.tw/
0008,公立,一般大學,國立中央大學,07,工程、製造及營建,073,建築及營建工程,0732,營建及土木工程,07321067,土木工程學系,專任,教授,謝定亞,"營建生產力分析,國際統包工程契約法學與管理,工程法律及爭議處理",http://www.cv.ncu.edu.tw/
0008,公立,一般大學,國立中央大學,07,工程、製造及營建,073,建築及營建工程,0732,營建及土木工程,07321067,土木工程學系,專任,教授,顏上堯,"航空公司/機場/海運規劃與營運管理,公路客運排程",http://www.cv.ncu.edu.tw/
0008,公立,一般大學,國立中央大學,07,工程、製造及營建,073,建築及營建工程,0732,營建及土木工程,07321067,土木工程學系,專任,教授,鐘志忠,防災工程、工程監測、工程地球物理探勘、人機程式介面開發,http://www.cv.ncu.edu.tw/
0008,公立,一般大學,國立中央大學,07,工程、製造及營建,073,建築及營建工程,0732,營建及土木工程,07321067,土木工程學系,專任,副教授,王翰翔,"營建工程與管理,營建品質管理,營建資訊語意分析、建模與應用",http://www.cv.ncu.edu.tw/
0008,公立,一般大學,國立中央大學,07,工程、製造及營建,073,建築及營建工程,0732,營建及土木工程,07321067,土木工程學系,專任,副教授,陳鵬宇,地震工程、資料導向之人工智慧,http://www.cv.ncu.edu.tw/
0008,公立,一般大學,國立中央大學,07,工程、製造及營建,073,建築及營建工程,0732,營建及土木工程,07321067,土木工程學系,專任,副教授,賴勇安,結構控制、結構動力、地震工程,http://www.cv.ncu.edu.tw/
0008,公立,一般大學,國立中央大學,07,工程、製造及營建,073,建築及營建工程,0732,營建及土木工程,07321067,土木工程學系,專任,助理教授,王聖瑋,地下水污染整治、地面水與地下水交互反應、農業水資源評估規劃,http://www.cv.ncu.edu.tw/
0008,公立,一般大學,國立中央大學,07,工程、製造及營建,073,建築及營建工程,0732,營建及土木工程,07321067,土木工程學系,專任,助理教授,何旻哲,鋪面維護管理系統、循環經濟材料,http://www.cv.ncu.edu.tw/
0008,公立,一般大學,國立中央大學,07,工程、製造及營建,073,建築及營建工程,0732,營建及土木工程,07321067,土木工程學系,專任,助理教授,林志軒,軌道交通工程、結構振動控制與儲能、多物理場耦合、橋梁工程,http://www.cv.ncu.edu.tw/
0008,公立,一般大學,國立中央大學,07,工程、製造及營建,073,建築及營建工程,0732,營建及土木工程,07321067,土木工程學系,專任,助理教授,黃冠嶺,流體力學、氣-液二相流、液滴動力、計算流體力學、液體固化動力,http://www.cv.ncu.edu.tw/
0008,公立,一般大學,國立中央大學,07,工程、製造及營建,073,建築及營建工程,0732,營建及土木工程,07321067,土木工程學系,專任,助理教授,蘇昱臻,計算力學、無網格質點法之應用、分子動力學、複合尺度計算,http://www.cv.ncu.edu.tw/
0008,公立,一般大學,國立中央大學,07,工程、製造及營建,073,建築及營建工程,0732,營建及土木工程,07321067,土木工程學系,兼任,教授,王仲宇,"結構物維修補強,非破壞檢測,顆粒及塊體不連續力學",http://www.cv.ncu.edu.tw/
0008,公立,一般大學,國立中央大學,07,工程、製造及營建,073,建築及營建工程,0732,營建及土木工程,07321067,土木工程學系,兼任,教授,吳健生,"交通控制,智慧型號誌控制系統",http://www.cv.ncu.edu.tw/
0008,公立,一般大學,國立中央大學,07,工程、製造及營建,073,建築及營建工程,0732,營建及土木工程,07321067,土木工程學系,兼任,教授,林志棟,改質及再生瀝青混凝土力學性質之分析,http://www.cv.ncu.edu.tw/
0008,公立,一般大學,國立中央大學,07,工程、製造及營建,073,建築及營建工程,0732,營建及土木工程,07321067,土木工程學系,兼任,教授,張惠文,邊坡破壞預警;減振基樁;地盤改良,http://www.cv.ncu.edu.tw/
0008,公立,一般大學,國立中央大學,07,工程、製造及營建,073,建築及營建工程,0732,營建及土木工程,07321067,土木工程學系,兼任,教授,盛川仁,地震減災,http://www.cv.ncu.edu.tw/
0008,公立,一般大學,國立中央大學,07,工程、製造及營建,073,建築及營建工程,0732,營建及土木工程,07321067,土木工程學系,兼任,教授,莊德興,"最佳化設計,鋼結構設計,耐震設計",http://www.cv.ncu.edu.tw/
0008,公立,一般大學,國立中央大學,07,工程、製造及營建,073,建築及營建工程,0732,營建及土木工程,07321067,土木工程學系,兼任,副教授,王伯儉,"工程契約之撰擬及管理,工程糾紛索賠及仲裁之處理",http://www.cv.ncu.edu.tw/
0008,公立,一般大學,國立中央大學,07,工程、製造及營建,073,建築及營建工程,0732,營建及土木工程,07321067,土木工程學系,兼任,副教授,許文科,災害風險管理,http://www.cv.ncu.edu.tw/
0008,公立,一般大學,國立中央大學,07,工程、製造及營建,073,建築及營建工程,0732,營建及土木工程,07321067,土木工程學系,兼任,副教授,詹耀裕,土木施工學,http://www.cv.ncu.edu.tw/
0008,公立,一般大學,國立中央大學,07,工程、製造及營建,073,建築及營建工程,0732,營建及土木工程,07321067,土木工程學系,兼任,助理教授,李維森,災害防救,http://www.cv.ncu.edu.tw/
0008,公立,一般大學,國立中央大學,07,工程、製造及營建,073,建築及營建工程,0732,營建及土木工程,07321067,土木工程學系,兼任,助理教授,林李耀,數值模擬、劇烈天氣系統、颱風動力,http://www.cv.ncu.edu.tw/
0008,公立,一般大學,國立中央大學,07,工程、製造及營建,073,建築及營建工程,0732,營建及土木工程,07321067,土木工程學系,兼任,助理教授,林泰煌,施工管理及規劃,http://www.cv.ncu.edu.tw/
0008,公立,一般大學,國立中央大學,07,工程、製造及營建,073,建築及營建工程,0732,營建及土木工程,07321067,土木工程學系,兼任,助理教授,廖緯璿,水土保持工程,http://www.cv.ncu.edu.tw/